"../../../Engine/Config/Android/DataDrivenPlatformInfo.ini" 1
"../../../Engine/Config/HoloLens/DataDrivenPlatformInfo.ini" 2
"../../../Engine/Config/IOS/DataDrivenPlatformInfo.ini" 3
"../../../Engine/Config/Base.ini" 4
"../../../Engine/Config/BaseEngine.ini" 5
"../../../Engine/Config/IOS/BaseIOSEngine.ini" 6
"../../../../../../Unreal Projects/Amberial UE Remake/Amberial/Config/DefaultEngine.ini" 7
"../../../Engine/Config/IOS/IOSEngine.ini" 8
"../../../Engine/Config/Linux/DataDrivenPlatformInfo.ini" 9
"../../../Engine/Config/LinuxAArch64/DataDrivenPlatformInfo.ini" 10
"../../../Engine/Config/Lumin/DataDrivenPlatformInfo.ini" 11
"../../../Engine/Config/Mac/DataDrivenPlatformInfo.ini" 12
"../../../Engine/Config/TVOS/DataDrivenPlatformInfo.ini" 13
"../../../Engine/Config/Windows/DataDrivenPlatformInfo.ini" 14
"D:/Unreal Projects/Amberial UE Remake/Amberial/Amberial.uproject" 15
"../../../../../../Unreal Projects/Amberial UE Remake/Amberial/Binaries/Win64/UE4Editor.modules" 16
"../../../Engine/Plugins/BlueprintFileUtils/BlueprintFileUtils.uplugin" 17
"../../../Engine/Plugins/AI/AISupport/AISupport.uplugin" 18
"../../../Engine/Plugins/ScriptPlugin/ScriptPlugin.uplugin" 19
"../../../Engine/Plugins/Animation/RigLogic/RigLogic.uplugin" 20
"../../../Engine/Plugins/2D/Paper2D/Paper2D.uplugin" 21
"../../../Engine/Plugins/MeshPainting/MeshPainting.uplugin" 22
"../../../Engine/Plugins/AI/UE4ML/UE4ML.uplugin" 23
"../../../Engine/Plugins/Animation/GameplayInsights/GameplayInsights.uplugin" 24
"../../../Engine/Plugins/Cameras/CameraShakePreviewer/CameraShakePreviewer.uplugin" 25
"../../../Engine/Plugins/Animation/LiveLink/LiveLink.uplugin" 26
"../../../Engine/Plugins/Animation/LiveLinkCurveDebugUI/LiveLinkCurveDebugUI.uplugin" 27
"../../../Engine/Plugins/Cameras/GameplayCameras/GameplayCameras.uplugin" 28
"../../../Engine/Plugins/Compositing/Composure/Composure.uplugin" 29
"../../../Engine/Plugins/Compression/OodleData/OodleData.uplugin" 30
"../../../Engine/Plugins/XGEController/XGEController.uplugin" 31
"../../../Engine/Plugins/Compression/OodleNetwork/OodleNetwork.uplugin" 32
"../../../Engine/Plugins/AI/HTNPlanner/HTNPlanner.uplugin" 33
"../../../Engine/Plugins/Compositing/LensDistortion/LensDistortion.uplugin" 34
"../../../Engine/Plugins/Editor/AssetManagerEditor/AssetManagerEditor.uplugin" 35
"../../../Engine/Plugins/Compositing/OpenColorIO/OpenColorIO.uplugin" 36
"../../../Engine/Plugins/Editor/AssetSearch/AssetSearch.uplugin" 37
"../../../Engine/Plugins/Editor/BlueprintMaterialTextureNodes/BlueprintMaterialTextureNodes.uplugin" 38
"../../../Engine/Plugins/Editor/CryptoKeys/CryptoKeys.uplugin" 39
"../../../Engine/Plugins/Editor/CurveEditorTools/CurveEditorTools.uplugin" 40
"../../../Engine/Plugins/Editor/DataValidation/DataValidation.uplugin" 41
"../../../Engine/Plugins/Editor/FacialAnimation/FacialAnimation.uplugin" 42
"../../../Engine/Plugins/Editor/GeometryMode/GeometryMode.uplugin" 43
"../../../Engine/Plugins/Editor/EditorScriptingUtilities/EditorScriptingUtilities.uplugin" 44
"../../../Engine/Plugins/Editor/GameplayTagsEditor/GameplayTagsEditor.uplugin" 45
"../../../Engine/Plugins/Editor/MacGraphicsSwitching/MacGraphicsSwitching.uplugin" 46
"../../../Engine/Plugins/Editor/GLTFImporter/GLTFImporter.uplugin" 47
"../../../Engine/Plugins/Editor/MaterialAnalyzer/MaterialAnalyzer.uplugin" 48
"../../../Engine/Plugins/Editor/MeshEditor/MeshEditor.uplugin" 49
"../../../Engine/Plugins/Developer/AnimationSharing/AnimationSharing.uplugin" 50
"../../../Engine/Plugins/Editor/PluginBrowser/PluginBrowser.uplugin" 51
"../../../Engine/Plugins/Editor/SpeedTreeImporter/SpeedTreeImporter.uplugin" 52
"../../../Engine/Plugins/Editor/MobileLauncherProfileWizard/MobileLauncherProfileWizard.uplugin" 53
"../../../Engine/Plugins/Editor/StylusInput/StylusInput.uplugin" 54
"../../../Engine/Plugins/Developer/BlankPlugin/BlankPlugin.uplugin" 55
"../../../Engine/Plugins/Developer/CLionSourceCodeAccess/CLionSourceCodeAccess.uplugin" 56
"../../../Engine/Plugins/Developer/CodeLiteSourceCodeAccess/CodeLiteSourceCodeAccess.uplugin" 57
"../../../Engine/Plugins/Developer/GitSourceControl/GitSourceControl.uplugin" 58
"../../../Engine/Plugins/AI/EnvironmentQueryEditor/EnvironmentQueryEditor.uplugin" 59
"../../../Engine/Plugins/Developer/RenderDocPlugin/RenderDocPlugin.uplugin" 60
"../../../Engine/Plugins/Blendables/LightPropagationVolume/LightPropagationVolume.uplugin" 61
"../../../Engine/Plugins/Compositing/OpenCVLensDistortion/OpenCVLensDistortion.uplugin" 62
"../../../Engine/Plugins/Developer/KDevelopSourceCodeAccess/KDevelopSourceCodeAccess.uplugin" 63
"../../../Engine/Plugins/Developer/NullSourceCodeAccess/NullSourceCodeAccess.uplugin" 64
"../../../Engine/Plugins/Developer/PlasticSourceControl/PlasticSourceControl.uplugin" 65
"../../../Engine/Plugins/Developer/PerforceSourceControl/PerforceSourceControl.uplugin" 66
"../../../Engine/Plugins/Developer/PixWinPlugin/PixWinPlugin.uplugin" 67
"../../../Engine/Plugins/Developer/SubversionSourceControl/SubversionSourceControl.uplugin" 68
"../../../Engine/Plugins/Developer/PluginUtils/PluginUtils.uplugin" 69
"../../../Engine/Plugins/Developer/PropertyAccessNode/PropertyAccessNode.uplugin" 70
"../../../Engine/Plugins/Developer/OneSkyLocalizationService/OneSkyLocalizationService.uplugin" 71
"../../../Engine/Plugins/Enterprise/AxFImporter/AxFImporter.uplugin" 72
"../../../Engine/Plugins/Enterprise/DataprepEditor/DataprepEditor.uplugin" 73
"../../../Engine/Plugins/Developer/UObjectPlugin/UObjectPlugin.uplugin" 74
"../../../Engine/Plugins/Developer/TextureFormatOodle/TextureFormatOodle.uplugin" 75
"../../../Engine/Plugins/Developer/TraceSourceFiltering/TraceSourceFilters.uplugin" 76
"../../../Engine/Plugins/Developer/VisualStudioSourceCodeAccess/VisualStudioSourceCodeAccess.uplugin" 77
"../../../Engine/Plugins/Developer/VisualStudioCodeSourceCodeAccess/VisualStudioCodeSourceCodeAccess.uplugin" 78
"../../../Engine/Plugins/Developer/TraceDataFiltering/TraceDataFilters.uplugin" 79
"../../../Engine/Plugins/Enterprise/DatasmithC4DImporter/DatasmithC4DImporter.uplugin" 80
"../../../Engine/Plugins/Enterprise/DatasmithCADImporter/DatasmithCADImporter.uplugin" 81
"../../../Engine/Plugins/Enterprise/DatasmithContent/DatasmithContent.uplugin" 82
"../../../Engine/Plugins/Developer/XCodeSourceCodeAccess/XCodeSourceCodeAccess.uplugin" 83
"../../../Engine/Plugins/Enterprise/DatasmithIFCImporter/DatasmithIFCImporter.uplugin" 84
"../../../Engine/Plugins/Developer/RiderSourceCodeAccess/RiderSourceCodeAccess.uplugin" 85
"../../../Engine/Plugins/Enterprise/DatasmithGLTFImporter/DatasmithGLTFImporter.uplugin" 86
"../../../Engine/Plugins/Enterprise/DatasmithFBXImporter/DatasmithFBXImporter.uplugin" 87
"../../../Engine/Plugins/Experimental/ActorPalette/ActorPalette.uplugin" 88
"../../../Engine/Plugins/Experimental/AppleVision/AppleVision.uplugin" 89
"../../../Engine/Plugins/Experimental/AlembicImporter/AlembicImporter.uplugin" 90
"../../../Engine/Plugins/Experimental/AutomationUtils/AutomationUtils.uplugin" 91
"../../../Engine/Plugins/Enterprise/DatasmithImporter/DatasmithImporter.uplugin" 92
"../../../Engine/Plugins/Experimental/BackChannel/BackChannel.uplugin" 93
"../../../Engine/Plugins/Enterprise/LidarPointCloud/LidarPointCloud.uplugin" 94
"../../../Engine/Plugins/Enterprise/StaticMeshEditorExtension/StaticMeshEditorExtension.uplugin" 95
"../../../Engine/Plugins/Enterprise/MDLImporter/MDLImporter.uplugin" 96
"../../../Engine/Plugins/Enterprise/VariantManagerContent/VariantManagerContent.uplugin" 97
"../../../Engine/Plugins/Enterprise/VariantManager/VariantManager.uplugin" 98
"../../../Engine/Plugins/Marketplace/AlignToolFree/AssetBuilderToolsDemo.uplugin" 99
"../../../Engine/Plugins/Marketplace/AutoSizeComments_4.27/AutoSizeComments.uplugin" 100
"../../../Engine/Plugins/Experimental/BlueprintStats/BlueprintStats.uplugin" 101
"../../../Engine/Plugins/Marketplace/EasyLoad752439c2caf5V19/EasyLoadingScreen.uplugin" 102
"../../../Engine/Plugins/Experimental/BlastPlugin/BlastPlugin.uplugin" 103
"../../../Engine/Plugins/Marketplace/GraphPrinter_4.27/GraphPrinter.uplugin" 104
"../../../Engine/Plugins/Marketplace/NiagaraUIRenderer/NiagaraUIRenderer.uplugin" 105
"../../../Engine/Plugins/Experimental/ChaosCaching/ChaosCaching.uplugin" 106
"../../../Engine/Plugins/Experimental/ChaosCloth/ChaosCloth.uplugin" 107
"../../../Engine/Plugins/Experimental/ChaosClothEditor/ChaosClothEditor.uplugin" 108
"../../../Engine/Plugins/Experimental/ChaosEditor/ChaosEditor.uplugin" 109
"../../../Engine/Plugins/Experimental/ChaosVehiclesPlugin/ChaosVehiclesPlugin.uplugin" 110
"../../../Engine/Plugins/Experimental/ChaosNiagara/ChaosNiagara.uplugin" 111
"../../../Engine/Plugins/Experimental/CodeEditor/CodeEditor.uplugin" 112
"../../../Engine/Plugins/Experimental/ChaosSolverPlugin/ChaosSolverPlugin.uplugin" 113
"../../../Engine/Plugins/Experimental/CodeView/CodeView.uplugin" 114
"../../../Engine/Plugins/Experimental/CharacterAI/CharacterAI.uplugin" 115
"../../../Engine/Plugins/Experimental/ColorCorrectRegions/ColorCorrectRegions.uplugin" 116
"../../../Engine/Plugins/Importers/AlembicHairImporter/AlembicHairImporter.uplugin" 117
"../../../Engine/Plugins/Experimental/CommonConversation/CommonConversation.uplugin" 118
"../../../Engine/Plugins/Experimental/EnhancedInput/EnhancedInput.uplugin" 119
"../../../Engine/Plugins/Experimental/CommonUI/CommonUI.uplugin" 120
"../../../Engine/Plugins/Experimental/ExampleAssetEditor/ExampleAssetEditor.uplugin" 121
"../../../Engine/Plugins/Importers/USDImporter/USDImporter.uplugin" 122
"../../../Engine/Plugins/Experimental/FullBodyIK/FullBodyIK.uplugin" 123
"../../../Engine/Plugins/Experimental/FieldSystemPlugin/FieldSystemPlugin.uplugin" 124
"../../../Engine/Plugins/Experimental/GameFeatures/GameFeatures.uplugin" 125
"../../../Engine/Plugins/Experimental/Gauntlet/Gauntlet.uplugin" 126
"../../../Engine/Plugins/Experimental/GeometryCache/GeometryCache.uplugin" 127
"../../../Engine/Plugins/Importers/USDMultiUser/USDMultiUser.uplugin" 128
"../../../Engine/Plugins/Experimental/GeometryCollectionPlugin/GeometryCollectionPlugin.uplugin" 129
"../../../Engine/Plugins/Experimental/ControlRig/ControlRig.uplugin" 130
"../../../Engine/Plugins/Lumin/LuminPlatformFeatures/LuminPlatformFeatures.uplugin" 131
"../../../Engine/Plugins/FX/Niagara/Niagara.uplugin" 132
"../../../Engine/Plugins/Lumin/MagicLeapBLE/MagicLeapBLE.uplugin" 133
"../../../Engine/Plugins/Lumin/MagicLeapCamera/MagicLeapCamera.uplugin" 134
"../../../Engine/Plugins/Experimental/GeometryProcessing/GeometryProcessing.uplugin" 135
"../../../Engine/Plugins/Experimental/GizmoEdMode/GizmoEdMode.uplugin" 136
"../../../Engine/Plugins/Experimental/GizmoFramework/GizmoFramework.uplugin" 137
"../../../Engine/Plugins/Lumin/MagicLeap/MagicLeap.uplugin" 138
"../../../Engine/Plugins/Lumin/MagicLeapConnections/MagicLeapConnections.uplugin" 139
"../../../Engine/Plugins/Experimental/GPULightmass/GPULightmass.uplugin" 140
"../../../Engine/Plugins/Experimental/ImagePlate/ImagePlate.uplugin" 141
"../../../Engine/Plugins/Experimental/ImpostorBaker/ImpostorBaker.uplugin" 142
"../../../Engine/Plugins/Experimental/LiveLinkControlRig/LiveLinkControlRig.uplugin" 143
"../../../Engine/Plugins/Experimental/Landmass/Landmass.uplugin" 144
"../../../Engine/Plugins/Experimental/MeshModelingToolset/MeshModelingToolset.uplugin" 145
"../../../Engine/Plugins/Lumin/MagicLeapContacts/MagicLeapContacts.uplugin" 146
"../../../Engine/Plugins/Experimental/ModularGameplay/ModularGameplay.uplugin" 147
"../../../Engine/Plugins/Experimental/ModelingToolsEditorMode/ModelingToolsEditorMode.uplugin" 148
"../../../Engine/Plugins/Experimental/MotionTrailEditorMode/MotionTrailEditorMode.uplugin" 149
"../../../Engine/Plugins/Lumin/MagicLeapLightEstimation/MagicLeapLightEstimation.uplugin" 150
"../../../Engine/Plugins/FX/CascadeToNiagaraConverter/CascadeToNiagaraConverter.uplugin" 151
"../../../Engine/Plugins/Experimental/MotoSynth/MotoSynth.uplugin" 152
"../../../Engine/Plugins/Lumin/MagicLeapMedia/MagicLeapMedia.uplugin" 153
"../../../Engine/Plugins/Lumin/MagicLeapDispatch/MagicLeapDispatch.uplugin" 154
"../../../Engine/Plugins/Lumin/MagicLeapMovement/MagicLeapMovement.uplugin" 155
"../../../Engine/Plugins/FX/NiagaraExtras/NiagaraExtras.uplugin" 156
"../../../Engine/Plugins/Experimental/OpenImageDenoise/OpenImageDenoise.uplugin" 157
"../../../Engine/Plugins/Experimental/PanoramicCapture/PanoramicCapture.uplugin" 158
"../../../Engine/Plugins/Lumin/MagicLeapMusicService/MagicLeapMusicService.uplugin" 159
"../../../Engine/Plugins/Lumin/MagicLeapPassableWorld/MagicLeapPassableWorld.uplugin" 160
"../../../Engine/Plugins/Lumin/MagicLeapLocation/MagicLeapLocation.uplugin" 161
"../../../Engine/Plugins/Lumin/MagicLeapNetworking/MagicLeapNetworking.uplugin" 162
"../../../Engine/Plugins/Lumin/MagicLeapSharedFile/MagicLeapSharedFile.uplugin" 163
"../../../Engine/Plugins/Lumin/MagicLeapTablet/MagicLeapTablet.uplugin" 164
"../../../Engine/Plugins/Experimental/PlatformCrypto/PlatformCrypto.uplugin" 165
"../../../Engine/Plugins/Lumin/MLSDK/MLSDK.uplugin" 166
"../../../Engine/Plugins/Experimental/ProxyLODPlugin/ProxyLODPlugin.uplugin" 167
"../../../Engine/Plugins/Experimental/PlanarCutPlugin/PlanarCut.uplugin" 168
"../../../Engine/Plugins/Experimental/PythonScriptPlugin/PythonScriptPlugin.uplugin" 169
"../../../Engine/Plugins/Media/AjaMedia/AjaMedia.uplugin" 170
"../../../Engine/Plugins/Experimental/RawInput/RawInput.uplugin" 171
"../../../Engine/Plugins/Media/AndroidCamera/AndroidCamera.uplugin" 172
"../../../Engine/Plugins/Experimental/RemoteSession/RemoteSession.uplugin" 173
"../../../Engine/Plugins/Experimental/SampleToolsEditorMode/SampleToolsEditorMode.uplugin" 174
"../../../Engine/Plugins/Experimental/ShallowWater/ShallowWater.uplugin" 175
"../../../Engine/Plugins/Media/AndroidMedia/AndroidMedia.uplugin" 176
"../../../Engine/Plugins/Experimental/SimpleHMD/SimpleHMD.uplugin" 177
"../../../Engine/Plugins/Experimental/Shotgun/Shotgun.uplugin" 178
"../../../Engine/Plugins/Experimental/SkeletalReduction/SkeletalReduction.uplugin" 179
"../../../Engine/Plugins/Experimental/Text3D/Text3D.uplugin" 180
"../../../Engine/Plugins/Experimental/VirtualCamera/VirtualCamera.uplugin" 181
"../../../Engine/Plugins/Media/AppleProResMedia/AppleProResMedia.uplugin" 182
"../../../Engine/Plugins/Experimental/VirtualHeightfieldMesh/VirtualHeightfieldMesh.uplugin" 183
"../../../Engine/Plugins/Media/AudioCaptureTimecodeProvider/AudioCaptureTimecodeProvider.uplugin" 184
"../../../Engine/Plugins/Experimental/VirtualProductionUtilities/VirtualProductionUtilities.uplugin" 185
"../../../Engine/Plugins/Media/AvfMedia/AvfMedia.uplugin" 186
"../../../Engine/Plugins/Media/AvidDNxMedia/AvidDNxMedia.uplugin" 187
"../../../Engine/Plugins/Experimental/Volumetrics/Volumetrics.uplugin" 188
"../../../Engine/Plugins/Experimental/WebSocketNetworking/WebSocketNetworking.uplugin" 189
"../../../Engine/Plugins/Experimental/Water/Water.uplugin" 190
"../../../Engine/Plugins/Media/BinkMedia/BinkMedia.uplugin" 191
"../../../Engine/Plugins/Media/BlackmagicMedia/BlackmagicMedia.uplugin" 192
"../../../Engine/Plugins/Media/ElectraCDM/ElectraCDM.uplugin" 193
"../../../Engine/Plugins/Media/ElectraPlayer/ElectraPlayer.uplugin" 194
"../../../Engine/Plugins/Media/ElectraUtil/ElectraUtil.uplugin" 195
"../../../Engine/Plugins/Media/HardwareEncoders/HardwareEncoders.uplugin" 196
"../../../Engine/Plugins/Media/HAPMedia/HAPMedia.uplugin" 197
"../../../Engine/Plugins/Media/MediaCompositing/MediaCompositing.uplugin" 198
"../../../Engine/Plugins/Media/ImgMedia/ImgMedia.uplugin" 199
"../../../Engine/Plugins/Media/LinearTimecode/LinearTimecode.uplugin" 200
"../../../Engine/Plugins/Media/HLMedia/HLMedia.uplugin" 201
"../../../Engine/Plugins/Media/MediaMovieStreamer/MediaMovieStreamer.uplugin" 202
"../../../Engine/Plugins/Media/MediaIOFramework/MediaIOFramework.uplugin" 203
"../../../Engine/Plugins/MovieScene/ActorSequence/ActorSequence.uplugin" 204
"../../../Engine/Plugins/Media/MediaPlayerEditor/MediaPlayerEditor.uplugin" 205
"../../../Engine/Plugins/Experimental/GeometryCacheAbcFile/GeometryCacheAbcFile.uplugin" 206
"../../../Engine/Plugins/Media/MfMedia/MfMedia.uplugin" 207
"../../../Engine/Plugins/Media/MediaFrameworkUtilities/MediaFrameworkUtilities.uplugin" 208
"../../../Engine/Plugins/Media/PixelStreaming/PixelStreaming.uplugin" 209
"../../../Engine/Plugins/MovieScene/CustomizableSequencerTracks/CustomizableSequencerTracks.uplugin" 210
"../../../Engine/Plugins/Messaging/MessagingDebugger/MessagingDebugger.uplugin" 211
"../../../Engine/Plugins/Media/TimecodeSynchronizer/TimecodeSynchronizer.uplugin" 212
"../../../Engine/Plugins/MovieScene/LevelSequenceEditor/LevelSequenceEditor.uplugin" 213
"../../../Engine/Plugins/Media/WmfMedia/WmfMedia.uplugin" 214
"../../../Engine/Plugins/Messaging/UdpMessaging/UdpMessaging.uplugin" 215
"../../../Engine/Plugins/Messaging/TcpMessaging/TcpMessaging.uplugin" 216
"../../../Engine/Plugins/NetcodeUnitTest/NetcodeUnitTest/NetcodeUnitTest.uplugin" 217
"../../../Engine/Plugins/NetcodeUnitTest/NUTUnrealEngine4/NUTUnrealEngine4.uplugin" 218
"../../../Engine/Plugins/Media/WebMMedia/WebMMedia.uplugin" 219
"../../../Engine/Plugins/Online/EOSShared/EOSShared.uplugin" 220
"../../../Engine/Plugins/MovieScene/MatineeToLevelSequence/MatineeToLevelSequence.uplugin" 221
"../../../Engine/Plugins/MovieScene/MovieRenderPipeline/MovieRenderPipeline.uplugin" 222
"../../../Engine/Plugins/MovieScene/MoviePipelineMaskRenderPass/MoviePipelineMaskRenderPass.uplugin" 223
"../../../Engine/Plugins/MovieScene/ReplayTracks/ReplayTracks.uplugin" 224
"../../../Engine/Plugins/MovieScene/TemplateSequence/TemplateSequence.uplugin" 225
"../../../Engine/Plugins/Online/OnlineFramework/OnlineFramework.uplugin" 226
"../../../Engine/Plugins/Online/OnlineSubsystemAmazon/OnlineSubsystemAmazon.uplugin" 227
"../../../Engine/Plugins/Online/OnlineSubsystemApple/OnlineSubsystemApple.uplugin" 228
"../../../Engine/Plugins/Online/OnlineSubsystem/OnlineSubsystem.uplugin" 229
"../../../Engine/Plugins/Performance/PerformanceMonitor/PerformanceMonitor.uplugin" 230
"../../../Engine/Plugins/Online/OnlineSubsystemEOS/OnlineSubsystemEOS.uplugin" 231
"../../../Engine/Plugins/MovieScene/SequencerScripting/SequencerScripting.uplugin" 232
"../../../Engine/Plugins/Online/OnlineSubsystemGoogle/OnlineSubsystemGoogle.uplugin" 233
"../../../Engine/Plugins/Online/OnlineSubsystemFacebook/OnlineSubsystemFacebook.uplugin" 234
"../../../Engine/Plugins/Online/OnlineSubsystemNull/OnlineSubsystemNull.uplugin" 235
"../../../Engine/Plugins/Online/OnlineSubsystemOculus/OnlineSubsystemOculus.uplugin" 236
"../../../Engine/Plugins/Online/OnlineSubsystemSteam/OnlineSubsystemSteam.uplugin" 237
"../../../Engine/Plugins/Online/OnlineSubsystemTwitch/OnlineSubsystemTwitch.uplugin" 238
"../../../Engine/Plugins/Online/OnlineSubsystemTencent/OnlineSubsystemTencent.uplugin" 239
"../../../Engine/Plugins/Portal/LauncherChunkInstaller/LauncherChunkInstaller.uplugin" 240
"../../../Engine/Plugins/Runtime/ActorLayerUtilities/ActorLayerUtilities.uplugin" 241
"../../../Engine/Plugins/Online/WebAuth/WebAuth.uplugin" 242
"../../../Engine/Plugins/Runtime/AndroidDeviceProfileSelector/AndroidDeviceProfileSelector.uplugin" 243
"../../../Engine/Plugins/Runtime/AppleImageUtils/AppleImageUtils.uplugin" 244
"../../../Engine/Plugins/Runtime/AndroidMoviePlayer/AndroidMoviePlayer.uplugin" 245
"../../../Engine/Plugins/Runtime/AppleMoviePlayer/AppleMoviePlayer.uplugin" 246
"../../../Engine/Plugins/Runtime/ArchVisCharacter/ArchVisCharacter.uplugin" 247
"../../../Engine/Plugins/Online/OnlineSubsystemUtils/OnlineSubsystemUtils.uplugin" 248
"../../../Engine/Plugins/Runtime/AssetTags/AssetTags.uplugin" 249
"../../../Engine/Plugins/Runtime/AudioModulation/AudioModulation.uplugin" 250
"../../../Engine/Plugins/Runtime/AndroidPermission/AndroidPermission.uplugin" 251
"../../../Engine/Plugins/Runtime/AnimationBudgetAllocator/AnimationBudgetAllocator.uplugin" 252
"../../../Engine/Plugins/Runtime/CableComponent/CableComponent.uplugin" 253
"../../../Engine/Plugins/Runtime/AudioSynesthesia/AudioSynesthesia.uplugin" 254
"../../../Engine/Plugins/Runtime/ChunkDownloader/ChunkDownloader.uplugin" 255
"../../../Engine/Plugins/Runtime/CustomMeshComponent/CustomMeshComponent.uplugin" 256
"../../../Engine/Plugins/Runtime/DataRegistry/DataRegistry.uplugin" 257
"../../../Engine/Plugins/Runtime/ExampleDeviceProfileSelector/ExampleDeviceProfileSelector.uplugin" 258
"../../../Engine/Plugins/Runtime/AnimDistanceMatching/AnimDistanceMatching.uplugin" 259
"../../../Engine/Plugins/Runtime/GameplayAbilities/GameplayAbilities.uplugin" 260
"../../../Engine/Plugins/Runtime/EditableMesh/EditableMesh.uplugin" 261
"../../../Engine/Plugins/Runtime/GoogleCloudMessaging/GoogleCloudMessaging.uplugin" 262
"../../../Engine/Plugins/Runtime/Firebase/Firebase.uplugin" 263
"../../../Engine/Plugins/Runtime/GooglePAD/GooglePAD.uplugin" 264
"../../../Engine/Plugins/Runtime/GeoReferencing/GeoReferencing.uplugin" 265
"../../../Engine/Plugins/Runtime/HairStrands/HairStrands.uplugin" 266
"../../../Engine/Plugins/Slate/SlateRemote/SlateRemote.uplugin" 267
"../../../Engine/Plugins/Runtime/HDRIBackdrop/HDRIBackdrop.uplugin" 268
"../../../Engine/Plugins/Slate/SlateInsights/SlateInsights.uplugin" 269
"../../../Engine/Plugins/Tests/FbxAutomationTestBuilder/FbxAutomationTestBuilder.uplugin" 270
"../../../Engine/Plugins/Tests/RHITests/RHITests.uplugin" 271
"../../../Engine/Plugins/Runtime/HPMotionController/HPMotionController.uplugin" 272
"../../../Engine/Plugins/Tests/EditorTests/EditorTests.uplugin" 273
"../../../Engine/Plugins/Tests/FunctionalTestingEditor/FunctionalTestingEditor.uplugin" 274
"../../../Engine/Plugins/Runtime/AudioCapture/AudioCapture.uplugin" 275
"../../../Engine/Plugins/Runtime/HTTPChunkInstaller/HTTPChunkInstaller.uplugin" 276
"../../../Engine/Plugins/Runtime/IOSReplayKit/IOSReplayKit.uplugin" 277
"../../../Engine/Plugins/Runtime/IOSDeviceProfileSelector/IOSDeviceProfileSelector.uplugin" 278
"../../../Engine/Plugins/Runtime/LinuxDeviceProfileSelector/LinuxDeviceProfileSelector.uplugin" 279
"../../../Engine/Plugins/Runtime/LocationServicesAndroidImpl/LocationServicesAndroidImpl.uplugin" 280
"../../../Engine/Plugins/Runtime/LiveLinkOvernDisplay/LiveLinkOverNDisplay.uplugin" 281
"../../../Engine/Plugins/Runtime/LocationServicesBPLibrary/LocationServicesBPLibrary.uplugin" 282
"../../../Engine/Plugins/Runtime/LocationServicesIOSImpl/LocationServicesIOSImpl.uplugin" 283
"../../../Engine/Plugins/Runtime/ApexDestruction/ApexDestruction.uplugin" 284
"../../../Engine/Plugins/Runtime/MIDIDevice/MIDIDevice.uplugin" 285
"../../../Engine/Plugins/Tests/RuntimeTests/RuntimeTests.uplugin" 286
"../../../Engine/Plugins/Tests/PythonAutomationTest/PythonAutomationTest.uplugin" 287
"../../../Engine/Plugins/Runtime/MicrosoftSpatialAudio/MicroSoftSpatialSound.uplugin" 288
"../../../Engine/Plugins/Runtime/MobilePatchingUtils/MobilePatchingUtils.uplugin" 289
"../../../Engine/Plugins/Runtime/MixedRealityCaptureFramework/MixedRealityCaptureFramework.uplugin" 290
"../../../Engine/Plugins/Runtime/nDisplay/nDisplay.uplugin" 291
"../../../Engine/Plugins/Tests/ScreenshotTools/ScreenshotTools.uplugin" 292
"../../../Engine/Plugins/Runtime/NetworkPrediction/NetworkPrediction.uplugin" 293
"../../../Engine/Plugins/Runtime/NetworkPredictionExtras/NetworkPredictionExtras.uplugin" 294
"../../../Engine/Plugins/Runtime/NetworkPredictionInsights/NetworkPredictionInsights.uplugin" 295
"../../../Engine/Plugins/Runtime/OpenXR/OpenXR.uplugin" 296
"../../../Engine/Plugins/Runtime/OpenXREyeTracker/OpenXREyeTracker.uplugin" 297
"../../../Engine/Plugins/Runtime/OpenXRMsftHandInteraction/OpenXRMsftHandInteraction.uplugin" 298
"../../../Engine/Plugins/Runtime/OpenXRHandTracking/OpenXRHandTracking.uplugin" 299
"../../../Engine/Plugins/Runtime/OptionalMobileFeaturesBPLibrary/OptionalMobileFeaturesBPLibrary.uplugin" 300
"../../../Engine/Plugins/Runtime/OSC/OSC.uplugin" 301
"../../../Engine/Plugins/Runtime/PhysXVehicles/PhysXVehicles.uplugin" 302
"../../../Engine/Plugins/Runtime/OSCModulationMixing/OSCModulationMixing.uplugin" 303
"../../../Engine/Plugins/Runtime/PostSplashScreen/PostSplashScreen.uplugin" 304
"../../../Engine/Plugins/Runtime/ProceduralMeshComponent/ProceduralMeshComponent.uplugin" 305
"../../../Engine/Plugins/Runtime/PreLoadScreenMoviePlayer/PreLoadScreenMoviePlayer.uplugin" 306
"../../../Engine/Plugins/Runtime/ReplicationGraph/ReplicationGraph.uplugin" 307
"../../../Engine/Plugins/Runtime/PropertyAccess/PropertyAccessEditor.uplugin" 308
"../../../Engine/Plugins/Runtime/SignificanceManager/SignificanceManager.uplugin" 309
"../../../Engine/Plugins/Runtime/RuntimePhysXCooking/RuntimePhysXCooking.uplugin" 310
"../../../Engine/Plugins/Runtime/ResonanceAudio/ResonanceAudio.uplugin" 311
"../../../Engine/Plugins/Runtime/SoundMod/SoundMod.uplugin" 312
"../../../Engine/Plugins/Runtime/SoundCueTemplates/SoundCueTemplates.uplugin" 313
"../../../Engine/Plugins/Runtime/SoundFields/SoundFields.uplugin" 314
"../../../Engine/Plugins/VirtualProduction/CameraCalibration/CameraCalibration.uplugin" 315
"../../../Engine/Plugins/Runtime/SoundUtilities/SoundUtilities.uplugin" 316
"../../../Engine/Plugins/Runtime/SoundVisualizations/SoundVisualizations.uplugin" 317
"../../../Engine/Plugins/Runtime/SunPosition/SunPosition.uplugin" 318
"../../../Engine/Plugins/Runtime/Spatialization/Spatialization.uplugin" 319
"../../../Engine/Plugins/VirtualProduction/CameraCalibrationCore/CameraCalibrationCore.uplugin" 320
"../../../Engine/Plugins/Runtime/Synthesis/Synthesis.uplugin" 321
"../../../Engine/Plugins/Runtime/TimeSynth/TimeSynth.uplugin" 322
"../../../Engine/Plugins/Runtime/TextureShare/TextureShare.uplugin" 323
"../../../Engine/Plugins/VirtualProduction/DataCharts/DataCharts.uplugin" 324
"../../../Engine/Plugins/Runtime/WarpUtils/WarpUtils.uplugin" 325
"../../../Engine/Plugins/VirtualProduction/CompositePlane/CompositePlane.uplugin" 326
"../../../Engine/Plugins/Runtime/WebBrowserWidget/WebBrowserWidget.uplugin" 327
"../../../Engine/Plugins/Runtime/WebBrowserNativeProxy/WebBrowserNativeProxy.uplugin" 328
"../../../Engine/Plugins/VirtualProduction/LevelSnapshots/LevelSnapshots.uplugin" 329
"../../../Engine/Plugins/VirtualProduction/ICVFX/ICVFX.uplugin" 330
"../../../Engine/Plugins/VirtualProduction/LiveLinkCamera/LiveLinkCamera.uplugin" 331
"../../../Engine/Plugins/VirtualProduction/LiveLinkLens/LiveLinkLens.uplugin" 332
"../../../Engine/Plugins/VirtualProduction/LiveLinkFreeD/LiveLinkFreeD.uplugin" 333
"../../../Engine/Plugins/Runtime/WindowsDeviceProfileSelector/WindowsDeviceProfileSelector.uplugin" 334
"../../../Engine/Plugins/Runtime/WebMMoviePlayer/WebMMoviePlayer.uplugin" 335
"../../../Engine/Plugins/VirtualProduction/LiveLinkMasterLockit/LiveLinkMasterLockit.uplugin" 336
"../../../Engine/Plugins/Runtime/WindowsMixedReality/WindowsMixedReality.uplugin" 337
"../../../Engine/Plugins/Runtime/WindowsMoviePlayer/WindowsMoviePlayer.uplugin" 338
"../../../Engine/Plugins/VirtualProduction/LiveLinkPrestonMDR/LiveLinkPrestonMDR.uplugin" 339
"../../../Engine/Plugins/VirtualProduction/LiveLinkVRPN/LiveLinkVRPN.uplugin" 340
"../../../Engine/Plugins/VirtualProduction/LiveLinkXR/LiveLinkXR.uplugin" 341
"../../../Engine/Plugins/VirtualProduction/RemoteControlInterception/RemoteControlInterception.uplugin" 342
"../../../Engine/Plugins/VirtualProduction/RemoteControlProtocolDMX/RemoteControlProtocolDMX.uplugin" 343
"../../../Engine/Plugins/VirtualProduction/RemoteControlProtocolMIDI/RemoteControlProtocolMIDI.uplugin" 344
"../../../Engine/Plugins/VirtualProduction/nDisplaySupportForLevelSnapshots/nDisplaySupportForLevelSnapshots.uplugin" 345
"../../../Engine/Plugins/VirtualProduction/StageMonitoring/StageMonitoring.uplugin" 346
"../../../Engine/Plugins/VirtualProduction/MultiUserTakes/MultiUserTakes.uplugin" 347
"../../../Engine/Plugins/VirtualProduction/Switchboard/Switchboard.uplugin" 348
"../../../Engine/Plugins/VirtualProduction/Takes/Takes.uplugin" 349
"../../../Engine/Plugins/VirtualProduction/RemoteControlWebInterface/RemoteControlWebInterface.uplugin" 350
"../../../Engine/Plugins/Editor/ContentBrowser/ContentBrowserFileDataSource/ContentBrowserFileDataSource.uplugin" 351
"../../../Engine/Plugins/Editor/ContentBrowser/ContentBrowserAssetDataSource/ContentBrowserAssetDataSource.uplugin" 352
"../../../Engine/Plugins/VirtualProduction/RemoteControlProtocolOSC/RemoteControlProtocolOSC.uplugin" 353
"../../../Engine/Plugins/Developer/Concert/ConcertMain/ConcertMain.uplugin" 354
"../../../Engine/Plugins/Developer/Concert/MultiUserClient/MultiUserClient.uplugin" 355
"../../../Engine/Plugins/Developer/Concert/DisasterRecoveryClient/DisasterRecoveryClient.uplugin" 356
"../../../Engine/Plugins/Experimental/Enterprise/DatasmithRuntime/DatasmithRuntime.uplugin" 357
"../../../Engine/Plugins/VirtualProduction/TimedDataMonitor/TimedDataMonitor.uplugin" 358
"../../../Engine/Plugins/Experimental/AR/PointCloud/PointCloud.uplugin" 359
"../../../Engine/Plugins/Experimental/VirtualProduction/LedWallCalibration/LedWallCalibration.uplugin" 360
"../../../Engine/Plugins/Online/Android/OnlineSubsystemGameCircle/OnlineSubsystemGameCircle.uplugin" 361
"../../../Engine/Plugins/Runtime/Advertising/IOSTapJoy/IOSTapJoy.uplugin" 362
"../../../Engine/Plugins/Online/IOS/OnlineSubsystemIOS/OnlineSubsystemIOS.uplugin" 363
"../../../Engine/Plugins/Online/Android/OnlineSubsystemGooglePlay/OnlineSubsystemGooglePlay.uplugin" 364
"../../../Engine/Plugins/Online/VoiceChat/VivoxVoiceChat/VivoxVoiceChat.uplugin" 365
"../../../Engine/Plugins/Experimental/Enterprise/DataprepGeometryOperations/DataprepGeometryOperations.uplugin" 366
"../../../Engine/Plugins/Online/VoiceChat/VoiceChat/VoiceChat.uplugin" 367
"../../../Engine/Plugins/Marketplace/Developer/RiderLink/RiderLink.uplugin" 368
"../../../Engine/Plugins/Editor/ContentBrowser/ContentBrowserClassDataSource/ContentBrowserClassDataSource.uplugin" 369
"../../../Engine/Plugins/Runtime/Analytics/Adjust/Adjust.uplugin" 370
"../../../Engine/Plugins/Runtime/Analytics/AnalyticsBlueprintLibrary/AnalyticsBlueprintLibrary.uplugin" 371
"../../../Engine/Plugins/Online/VoiceChat/EOSVoiceChat/EOSVoiceChat.uplugin" 372
"../../../Engine/Plugins/Runtime/Analytics/FileLogging/FileLogging.uplugin" 373
"../../../Engine/Plugins/Runtime/Analytics/Flurry/Flurry.uplugin" 374
"../../../Engine/Plugins/VirtualProduction/RemoteControl/RemoteControl.uplugin" 375
"../../../Engine/Plugins/Runtime/AR/AzureSpatialAnchors/AzureSpatialAnchors.uplugin" 376
"../../../Engine/Plugins/Runtime/AR/ARUtilities/ARUtilities.uplugin" 377
"../../../Engine/Plugins/Runtime/AR/AzureSpatialAnchorsForARCore/AzureSpatialAnchorsForARCore.uplugin" 378
"../../../Engine/Plugins/Runtime/AR/AzureSpatialAnchorsForWMR/AzureSpatialAnchorsForWMR.uplugin" 379
"../../../Engine/Plugins/Runtime/Database/ADOSupport/ADOSupport.uplugin" 380
"../../../Engine/Plugins/Runtime/AR/AzureSpatialAnchorsForARKit/AzureSpatialAnchorsForARKit.uplugin" 381
"../../../Engine/Plugins/Runtime/Database/DatabaseSupport/DatabaseSupport.uplugin" 382
"../../../Engine/Plugins/Runtime/Database/RemoteDatabaseSupport/RemoteDatabaseSupport.uplugin" 383
"../../../Engine/Plugins/Runtime/GoogleVR/GoogleVRController/GoogleVRController.uplugin" 384
"../../../Engine/Plugins/Runtime/Database/SQLiteSupport/SQLiteSupport.uplugin" 385
"../../../Engine/Plugins/Runtime/Database/SQLiteCore/SQLiteCore.uplugin" 386
"../../../Engine/Plugins/Runtime/GoogleVR/GoogleVRHMD/GoogleVRHMD.uplugin" 387
"../../../Engine/Plugins/Runtime/GoogleVR/GoogleVRTransition2D/GoogleVRTransition2D.uplugin" 388
"../../../Engine/Plugins/Runtime/MeshReconstruction/DummyMeshReconstructor/DummyMeshReconstructor.uplugin" 389
"../../../Engine/Plugins/Runtime/Nvidia/Ansel/Ansel.uplugin" 390
"../../../Engine/Plugins/Runtime/Oculus/OculusAudio/OculusAudio.uplugin" 391
"../../../Engine/Plugins/Runtime/Oculus/OculusVR/OculusVR.uplugin" 392
"../../../Engine/Plugins/Runtime/PacketHandlers/AESHandlerComponent/AESHandlerComponent.uplugin" 393
"../../../Engine/Plugins/Runtime/Nvidia/Reflex/Reflex.uplugin" 394
"../../../Engine/Plugins/Runtime/PacketHandlers/AESGCMHandlerComponent/AESGCMHandlerComponent.uplugin" 395
"../../../Engine/Plugins/Runtime/Oculus/OculusOpenXR/OculusOpenXR.uplugin" 396
"../../../Engine/Plugins/Runtime/PacketHandlers/DTLSHandlerComponent/DTLSHandlerComponent.uplugin" 397
"../../../Engine/Plugins/Runtime/Steam/SteamController/SteamController.uplugin" 398
"../../../Engine/Plugins/Runtime/Steam/SteamSockets/SteamSockets.uplugin" 399
"../../../Engine/Plugins/Runtime/Steam/SteamAudio/SteamAudio.uplugin" 400
"../../../Engine/Plugins/Runtime/Steam/SteamShared/SteamShared.uplugin" 401
"../../../Engine/Plugins/Runtime/Steam/SteamVR/SteamVR.uplugin" 402
"../../../Engine/Plugins/VirtualProduction/DMX/DMXDisplayCluster/DMXDisplayCluster.uplugin" 403
"../../../Engine/Plugins/VirtualProduction/DMX/DMXProtocol/DMXProtocol.uplugin" 404
"../../../Engine/Plugins/VirtualProduction/DMX/DMXEngine/DMXEngine.uplugin" 405
"../../../Engine/Plugins/VirtualProduction/DMX/DMXFixtures/DMXFixtures.uplugin" 406
"../../../Engine/Plugins/VirtualProduction/DMX/DMXPixelMapping/DMXPixelMapping.uplugin" 407
"../../../Engine/Plugins/Runtime/Windows/WinDualShock/WinDualShock.uplugin" 408
"../../../Engine/Plugins/Runtime/XR/XRVisualization/XRVisualization.uplugin" 409
"../../../Engine/Plugins/Developer/Concert/ConcertSync/ConcertSyncClient/ConcertSyncClient.uplugin" 410
"../../../Engine/Plugins/Developer/Concert/ConcertSync/ConcertSyncCore/ConcertSyncCore.uplugin" 411
"../../../Engine/Plugins/Developer/Concert/ConcertSync/ConcertSyncServer/ConcertSyncServer.uplugin" 412
"../../../Engine/Plugins/Runtime/AR/AppleAR/AppleARKitFaceSupport/AppleARKitFaceSupport.uplugin" 413
"../../../Engine/Plugins/Developer/Concert/ConcertSync/ConcertSyncTest/ConcertSyncTest.uplugin" 414
"../../../Engine/Plugins/Runtime/AR/AppleAR/AppleARKit/AppleARKit.uplugin" 415
"../../../Engine/Plugins/Runtime/AR/Microsoft/HoloLensAR/HoloLensAR.uplugin" 416
"../../../Engine/Plugins/Runtime/AR/Google/GoogleARCore/GoogleARCore.uplugin" 417
"../../../Engine/Plugins/Runtime/AR/Google/GoogleARCoreServices/GoogleARCoreServices.uplugin" 418
"../../../Engine/Plugins/Runtime/Analytics/AnalyticsMulticast/AnalyticsMulticast.uplugin" 419
"../../../Engine/Content/Internationalization/icudt64l/cnvalias.icu" 420
"../../../Engine/Content/Internationalization/icudt64l/res_index.res" 421
"../../../Engine/Content/Internationalization/icudt64l/plurals.res" 422
"../../../Engine/Content/Internationalization/icudt64l/lang/en.res" 423
"../../../Engine/Content/Internationalization/icudt64l/lang/pool.res" 424
"../../../Engine/Content/Internationalization/icudt64l/lang/root.res" 425
"../../../Engine/Content/Internationalization/icudt64l/region/en.res" 426
"../../../Engine/Content/Internationalization/icudt64l/region/pool.res" 427
"../../../Engine/Content/Internationalization/icudt64l/region/root.res" 428
"../../../Engine/Content/Internationalization/icudt64l/windowsZones.res" 429
"../../../Engine/Content/Internationalization/icudt64l/zoneinfo64.res" 430
"../../../Engine/Content/Internationalization/icudt64l/keyTypeData.res" 431
"../../../Engine/Content/Internationalization/icudt64l/timezoneTypes.res" 432
"../../../Engine/Content/Internationalization/icudt64l/likelySubtags.res" 433
"../../../Engine/Content/Internationalization/icudt64l/en_US.res" 434
"../../../Engine/Content/Internationalization/icudt64l/pool.res" 435
"../../../Engine/Content/Internationalization/icudt64l/en.res" 436
"../../../Engine/Content/Internationalization/icudt64l/root.res" 437
"../../../Engine/Content/Internationalization/icudt64l/supplementalData.res" 438
"C:/Users/EddieJr/AppData/Local/UnrealEngine/4.27/Saved/Config/Windows/Manifest.ini" 439
"../../../Engine/Config/Windows/BaseWindowsEngine.ini" 440
"../../../Engine/Config/Windows/WindowsEngine.ini" 441
"D:/Unreal Projects/Amberial UE Remake/Amberial/Saved/Config/Windows/Engine.ini" 442
"../../../Engine/Config/BaseGame.ini" 443
"../../../../../../Unreal Projects/Amberial UE Remake/Amberial/Config/DefaultGame.ini" 444
"../../../Engine/Config/Windows/WindowsGame.ini" 445
"D:/Unreal Projects/Amberial UE Remake/Amberial/Saved/Config/Windows/Game.ini" 446
"../../../Engine/Config/BaseInput.ini" 447
"../../../../../../Unreal Projects/Amberial UE Remake/Amberial/Config/DefaultInput.ini" 448
"D:/Unreal Projects/Amberial UE Remake/Amberial/Saved/Config/Windows/Input.ini" 449
"../../../Engine/Config/BaseEditor.ini" 450
"../../../../../../Unreal Projects/Amberial UE Remake/Amberial/Config/DefaultEditor.ini" 451
"C:/Users/EddieJr/AppData/Local/Unreal Engine/Engine/Config/UserEditor.ini" 452
"D:/Unreal Projects/Amberial UE Remake/Amberial/Saved/Config/Windows/Editor.ini" 453
"../../../Engine/Config/BaseEditorPerProjectUserSettings.ini" 454
"D:/Unreal Projects/Amberial UE Remake/Amberial/Saved/Config/Windows/EditorPerProjectUserSettings.ini" 455
"../../../Engine/Config/BaseEditorSettings.ini" 456
"C:/Users/EddieJr/AppData/Local/UnrealEngine/4.27/Saved/Config/Windows/EditorSettings.ini" 457
"../../../Engine/Config/BaseEditorKeyBindings.ini" 458
"C:/Users/EddieJr/AppData/Local/UnrealEngine/4.27/Saved/Config/Windows/EditorKeyBindings.ini" 459
"C:/Users/EddieJr/AppData/Local/UnrealEngine/4.27/Saved/Config/Windows/EditorLayout.ini" 460
"../../../Engine/Config/BaseCompat.ini" 461
"D:/Unreal Projects/Amberial UE Remake/Amberial/Saved/Config/Windows/Compat.ini" 462
"../../../Engine/Config/BaseLightmass.ini" 463
"D:/Unreal Projects/Amberial UE Remake/Amberial/Saved/Config/Windows/Lightmass.ini" 464
"../../../Engine/Config/BaseScalability.ini" 465
"../../../../../../Unreal Projects/Amberial UE Remake/Amberial/Config/DefaultScalability.ini" 466
"D:/Unreal Projects/Amberial UE Remake/Amberial/Saved/Config/Windows/Scalability.ini" 467
"../../../Engine/Config/BaseHardware.ini" 468
"D:/Unreal Projects/Amberial UE Remake/Amberial/Saved/Config/Windows/Hardware.ini" 469
"../../../Engine/Config/BaseRuntimeOptions.ini" 470
"D:/Unreal Projects/Amberial UE Remake/Amberial/Saved/Config/Windows/RuntimeOptions.ini" 471
"../../../Engine/Config/BaseInstallBundle.ini" 472
"../../../Engine/Config/BaseDeviceProfiles.ini" 473
"D:/Unreal Projects/Amberial UE Remake/Amberial/Saved/Config/Windows/DeviceProfiles.ini" 474
"../../../Engine/Config/BaseGameUserSettings.ini" 475
"../../../../../../Unreal Projects/Amberial UE Remake/Amberial/Config/DefaultGameUserSettings.ini" 476
"D:/Unreal Projects/Amberial UE Remake/Amberial/Saved/Config/Windows/GameUserSettings.ini" 477
"../../../../../../Unreal Projects/Amberial UE Remake/Amberial/Binaries/Win64/Amberial-Win64-Shipping.target" 478
"../../../../../../Unreal Projects/Amberial UE Remake/Amberial/Binaries/Win64/AmberialEditor.target" 479
"../../../Engine/Plugins/2D/Paper2D/Config/BasePaper2D.ini" 480
"D:/Unreal Projects/Amberial UE Remake/Amberial/Saved/Config/Windows/Paper2D.ini" 481
"../../../Engine/Plugins/Editor/EditorScriptingUtilities/Config/BaseEditorScriptingUtilities.ini" 482
"D:/Unreal Projects/Amberial UE Remake/Amberial/Saved/Config/Windows/EditorScriptingUtilities.ini" 483
"../../../Engine/Plugins/Enterprise/VariantManagerContent/Config/BaseVariantManagerContent.ini" 484
"D:/Unreal Projects/Amberial UE Remake/Amberial/Saved/Config/Windows/VariantManagerContent.ini" 485
"../../../Engine/Plugins/FX/Niagara/Config/BaseNiagara.ini" 486
"D:/Unreal Projects/Amberial UE Remake/Amberial/Saved/Config/Windows/Niagara.ini" 487
"../../../Engine/Plugins/Experimental/MotoSynth/Config/BaseMotoSynth.ini" 488
"D:/Unreal Projects/Amberial UE Remake/Amberial/Saved/Config/Windows/MotoSynth.ini" 489
"../../../Engine/Plugins/Runtime/ApexDestruction/Config/BaseApexDestruction.ini" 490
"D:/Unreal Projects/Amberial UE Remake/Amberial/Saved/Config/Windows/ApexDestruction.ini" 491
"../../../Engine/Plugins/Runtime/AudioModulation/Config/BaseAudioModulation.ini" 492
"D:/Unreal Projects/Amberial UE Remake/Amberial/Saved/Config/Windows/AudioModulation.ini" 493
"../../../Engine/Plugins/Runtime/PostSplashScreen/Config/BasePostSplashScreen.ini" 494
"D:/Unreal Projects/Amberial UE Remake/Amberial/Saved/Config/Windows/PostSplashScreen.ini" 495
"../../../Engine/Plugins/Runtime/Synthesis/Config/BaseSynthesis.ini" 496
"D:/Unreal Projects/Amberial UE Remake/Amberial/Saved/Config/Windows/Synthesis.ini" 497
"../../../Engine/Plugins/Marketplace/AutoSizeComments_4.27/Binaries/Win64/UE4Editor.modules" 498
"../../../Engine/Plugins/Marketplace/GraphPrinter_4.27/Binaries/Win64/UE4Editor.modules" 499
"../../../Engine/Plugins/Editor/AssetManagerEditor/Binaries/Win64/UE4Editor.modules" 500
"../../../Engine/Plugins/Marketplace/EasyLoad752439c2caf5V19/Binaries/Win64/UE4Editor.modules" 501
"../../../Engine/Plugins/Runtime/AudioModulation/Binaries/Win64/UE4Editor.modules" 502
"../../../Engine/Plugins/Marketplace/NiagaraUIRenderer/Binaries/Win64/UE4Editor.modules" 503
"../../../Engine/Plugins/FX/Niagara/Binaries/Win64/UE4Editor.modules" 504
"../../../Engine/Plugins/Experimental/PythonScriptPlugin/Binaries/Win64/UE4Editor.modules" 505
"../../../Engine/Plugins/Editor/ContentBrowser/ContentBrowserFileDataSource/Binaries/Win64/UE4Editor.modules" 506
"../../../Engine/Plugins/Runtime/ApexDestruction/Binaries/Win64/UE4Editor.modules" 507
"../../../Engine/Plugins/Runtime/HDRIBackdrop/Binaries/Win64/UE4Editor.modules" 508
"../../../Engine/Plugins/Marketplace/AlignToolFree/Binaries/Win64/UE4Editor.modules" 509
"../../../Engine/Plugins/VirtualProduction/Takes/Binaries/Win64/UE4Editor.modules" 510
"../../../Engine/Plugins/MovieScene/LevelSequenceEditor/Binaries/Win64/UE4Editor.modules" 511
"../../../Engine/Plugins/MovieScene/MovieRenderPipeline/Binaries/Win64/UE4Editor.modules" 512
"../../../Engine/Plugins/Runtime/ActorLayerUtilities/Binaries/Win64/UE4Editor.modules" 513
"../../../Engine/Plugins/Editor/EditorScriptingUtilities/Binaries/Win64/UE4Editor.modules" 514
"../../../Engine/Plugins/Compositing/OpenColorIO/Binaries/Win64/UE4Editor.modules" 515
"../../../Engine/Plugins/MovieScene/SequencerScripting/Binaries/Win64/UE4Editor.modules" 516
"../../../Engine/Plugins/MovieScene/TemplateSequence/Binaries/Win64/UE4Editor.modules" 517
"../../../Engine/Plugins/MovieScene/MoviePipelineMaskRenderPass/Binaries/Win64/UE4Editor.modules" 518
"../../../Engine/Plugins/MeshPainting/Binaries/Win64/UE4Editor.modules" 519
"../../../Engine/Plugins/Experimental/GeometryProcessing/Binaries/Win64/UE4Editor.modules" 520
"../../../Engine/Plugins/XGEController/Binaries/Win64/UE4Editor.modules" 521
"../../../Engine/Plugins/2D/Paper2D/Binaries/Win64/UE4Editor.modules" 522
"../../../Engine/Plugins/Blendables/LightPropagationVolume/Binaries/Win64/UE4Editor.modules" 523
"../../../Engine/Plugins/Cameras/CameraShakePreviewer/Binaries/Win64/UE4Editor.modules" 524
"../../../Engine/Plugins/Cameras/GameplayCameras/Binaries/Win64/UE4Editor.modules" 525
"../../../Engine/Plugins/Compression/OodleData/Binaries/Win64/UE4Editor.modules" 526
"../../../Engine/Plugins/Compression/OodleNetwork/Binaries/Win64/UE4Editor.modules" 527
"../../../Engine/Plugins/Editor/CurveEditorTools/Binaries/Win64/UE4Editor.modules" 528
"../../../Engine/Plugins/Editor/DataValidation/Binaries/Win64/UE4Editor.modules" 529
"../../../Engine/Plugins/Editor/FacialAnimation/Binaries/Win64/UE4Editor.modules" 530
"../../../Engine/Plugins/Editor/GeometryMode/Binaries/Win64/UE4Editor.modules" 531
"../../../Engine/Plugins/Editor/GameplayTagsEditor/Binaries/Win64/UE4Editor.modules" 532
"../../../Engine/Plugins/Editor/MaterialAnalyzer/Binaries/Win64/UE4Editor.modules" 533
"../../../Engine/Plugins/Developer/AnimationSharing/Binaries/Win64/UE4Editor.modules" 534
"../../../Engine/Plugins/Runtime/SignificanceManager/Binaries/Win64/UE4Editor.modules" 535
"../../../Engine/Plugins/Editor/PluginBrowser/Binaries/Win64/UE4Editor.modules" 536
"../../../Engine/Plugins/Developer/PluginUtils/Binaries/Win64/UE4Editor.modules" 537
"../../../Engine/Plugins/Editor/MobileLauncherProfileWizard/Binaries/Win64/UE4Editor.modules" 538
"../../../Engine/Plugins/Developer/PixWinPlugin/Binaries/Win64/UE4Editor.modules" 539
"../../../Engine/Plugins/Developer/PlasticSourceControl/Binaries/Win64/UE4Editor.modules" 540
"../../../Engine/Plugins/Developer/PropertyAccessNode/Binaries/Win64/UE4Editor.modules" 541
"../../../Engine/Plugins/Runtime/PropertyAccess/Binaries/Win64/UE4Editor.modules" 542
"../../../Engine/Plugins/Developer/RiderSourceCodeAccess/Binaries/Win64/UE4Editor.modules" 543
"../../../Engine/Plugins/Developer/TextureFormatOodle/Binaries/Win64/UE4Editor.modules" 544
"../../../Engine/Plugins/Developer/UObjectPlugin/Binaries/Win64/UE4Editor.modules" 545
"../../../Engine/Plugins/Developer/VisualStudioSourceCodeAccess/Binaries/Win64/UE4Editor.modules" 546
"../../../Engine/Plugins/Developer/VisualStudioCodeSourceCodeAccess/Binaries/Win64/UE4Editor.modules" 547
"../../../Engine/Plugins/Enterprise/DatasmithContent/Binaries/Win64/UE4Editor.modules" 548
"../../../Engine/Plugins/Enterprise/VariantManagerContent/Binaries/Win64/UE4Editor.modules" 549
"../../../Engine/Plugins/Experimental/AutomationUtils/Binaries/Win64/UE4Editor.modules" 550
"../../../Engine/Plugins/Tests/ScreenshotTools/Binaries/Win64/UE4Editor.modules" 551
"../../../Engine/Plugins/Experimental/ChaosCloth/Binaries/Win64/UE4Editor.modules" 552
"../../../Engine/Plugins/Experimental/ChaosClothEditor/Binaries/Win64/UE4Editor.modules" 553
"../../../Engine/Plugins/Experimental/ChaosEditor/Binaries/Win64/UE4Editor.modules" 554
"../../../Engine/Plugins/Experimental/PlanarCutPlugin/Binaries/Win64/UE4Editor.modules" 555
"../../../Engine/Plugins/Runtime/EditableMesh/Binaries/Win64/UE4Editor.modules" 556
"../../../Engine/Plugins/Experimental/GeometryCollectionPlugin/Binaries/Win64/UE4Editor.modules" 557
"../../../Engine/Plugins/Runtime/ProceduralMeshComponent/Binaries/Win64/UE4Editor.modules" 558
"../../../Engine/Plugins/Experimental/ChaosSolverPlugin/Binaries/Win64/UE4Editor.modules" 559
"../../../Engine/Plugins/Experimental/ChaosNiagara/Binaries/Win64/UE4Editor.modules" 560
"../../../Engine/Plugins/Experimental/CharacterAI/Binaries/Win64/UE4Editor.modules" 561
"../../../Engine/Plugins/Experimental/GeometryCache/Binaries/Win64/UE4Editor.modules" 562
"../../../Engine/Plugins/Experimental/MotoSynth/Binaries/Win64/UE4Editor.modules" 563
"../../../Engine/Plugins/Experimental/PlatformCrypto/Binaries/Win64/UE4Editor.modules" 564
"../../../Engine/Plugins/Experimental/ProxyLODPlugin/Binaries/Win64/UE4Editor.modules" 565
"../../../Engine/Plugins/Experimental/SkeletalReduction/Binaries/Win64/UE4Editor.modules" 566
"../../../Engine/Plugins/Media/ImgMedia/Binaries/Win64/UE4Editor.modules" 567
"../../../Engine/Plugins/Media/MediaCompositing/Binaries/Win64/UE4Editor.modules" 568
"../../../Engine/Plugins/MovieScene/ActorSequence/Binaries/Win64/UE4Editor.modules" 569
"../../../Engine/Plugins/Media/MediaPlayerEditor/Binaries/Win64/UE4Editor.modules" 570
"../../../Engine/Plugins/Media/WmfMedia/Binaries/Win64/UE4Editor.modules" 571
"../../../Engine/Plugins/Messaging/TcpMessaging/Binaries/Win64/UE4Editor.modules" 572
"../../../Engine/Plugins/Messaging/UdpMessaging/Binaries/Win64/UE4Editor.modules" 573
"../../../Engine/Plugins/MovieScene/MatineeToLevelSequence/Binaries/Win64/UE4Editor.modules" 574
"../../../Engine/Plugins/Portal/LauncherChunkInstaller/Binaries/Win64/UE4Editor.modules" 575
"../../../Engine/Plugins/Runtime/AssetTags/Binaries/Win64/UE4Editor.modules" 576
"../../../Engine/Plugins/Runtime/AudioCapture/Binaries/Win64/UE4Editor.modules" 577
"../../../Engine/Plugins/Runtime/CableComponent/Binaries/Win64/UE4Editor.modules" 578
"../../../Engine/Plugins/Runtime/ChunkDownloader/Binaries/Win64/UE4Editor.modules" 579
"../../../Engine/Plugins/Runtime/CustomMeshComponent/Binaries/Win64/UE4Editor.modules" 580
"../../../Engine/Plugins/Runtime/ExampleDeviceProfileSelector/Binaries/Win64/UE4Editor.modules" 581
"../../../Engine/Plugins/Runtime/RuntimePhysXCooking/Binaries/Win64/UE4Editor.modules" 582
"../../../Engine/Plugins/Runtime/SoundFields/Binaries/Win64/UE4Editor.modules" 583
"../../../Engine/Plugins/Runtime/Synthesis/Binaries/Win64/UE4Editor.modules" 584
"../../../Engine/Plugins/Runtime/AudioSynesthesia/Binaries/Win64/UE4Editor.modules" 585
"../../../Engine/Plugins/Runtime/WebMMoviePlayer/Binaries/Win64/UE4Editor.modules" 586
"../../../Engine/Plugins/Media/WebMMedia/Binaries/Win64/UE4Editor.modules" 587
"../../../Engine/Plugins/Runtime/WindowsMoviePlayer/Binaries/Win64/UE4Editor.modules" 588
"../../../Engine/Plugins/Editor/ContentBrowser/ContentBrowserAssetDataSource/Binaries/Win64/UE4Editor.modules" 589
"../../../Engine/Plugins/Editor/ContentBrowser/ContentBrowserClassDataSource/Binaries/Win64/UE4Editor.modules" 590
"../../../Engine/Plugins/Marketplace/Developer/RiderLink/Binaries/Win64/UE4Editor.modules" 591
"../../../Engine/Config/ConsoleVariables.ini" 592
"../../../Engine/Binaries/Win64/Android/UE4Editor.modules" 593
"../../../Engine/Binaries/Win64/IOS/UE4Editor.modules" 594
"../../../Engine/Binaries/Win64/Linux/UE4Editor.modules" 595
"../../../Engine/Binaries/Win64/Lumin/UE4Editor.modules" 596
"../../../Engine/Config/Android/BaseAndroidEngine.ini" 597
"../../../Engine/Config/Android/AndroidEngine.ini" 598
"../../../Engine/Config/Unix/UnixEngine.ini" 599
"../../../Engine/Config/Linux/LinuxEngine.ini" 600
"../../../Engine/Config/LinuxAArch64/LinuxAArch64Engine.ini" 601
"../../../Engine/Config/Lumin/LuminEngine.ini" 602
"../../../Engine/Config/Mac/BaseMacEngine.ini" 603
"../../../Engine/Config/Mac/MacEngine.ini" 604
"../../../Engine/Content/Localization/Editor/en/Editor.locres" 605
"../../../Engine/Content/Localization/EditorTutorials/en/EditorTutorials.locres" 606
"../../../Engine/Content/Localization/Keywords/en/Keywords.locres" 607
"../../../Engine/Content/Localization/Category/en/Category.locres" 608
"../../../Engine/Content/Localization/ToolTips/en/ToolTips.locres" 609
"../../../Engine/Content/Localization/PropertyNames/en/PropertyNames.locres" 610
"../../../Engine/Content/Localization/Engine/en/Engine.locres" 611
"../../../Engine/Content/Internationalization/icudt64l/numberingSystems.res" 612
"../../../Engine/Content/Internationalization/icudt64l/curr/supplementalData.res" 613
"../../../Engine/Content/Internationalization/icudt64l/curr/en.res" 614
"../../../Engine/Content/Internationalization/icudt64l/curr/pool.res" 615
"../../../Engine/Content/Internationalization/icudt64l/curr/root.res" 616
"../../../Engine/Content/Internationalization/icudt64l/lang/af.res" 617
"../../../Engine/Content/Internationalization/icudt64l/region/af.res" 618
"../../../Engine/Content/Internationalization/icudt64l/lang/agq.res" 619
"../../../Engine/Content/Internationalization/icudt64l/region/agq.res" 620
"../../../Engine/Content/Internationalization/icudt64l/lang/ak.res" 621
"../../../Engine/Content/Internationalization/icudt64l/region/ak.res" 622
"../../../Engine/Content/Internationalization/icudt64l/lang/am.res" 623
"../../../Engine/Content/Internationalization/icudt64l/region/am.res" 624
"../../../Engine/Content/Internationalization/icudt64l/lang/ar.res" 625
"../../../Engine/Content/Internationalization/icudt64l/region/ar.res" 626
"../../../Engine/Content/Internationalization/icudt64l/region/ar_AE.res" 627
"../../../Engine/Content/Internationalization/icudt64l/lang/ar_EG.res" 628
"../../../Engine/Content/Internationalization/icudt64l/lang/ar_LY.res" 629
"../../../Engine/Content/Internationalization/icudt64l/region/ar_LY.res" 630
"../../../Engine/Content/Internationalization/icudt64l/lang/ar_SA.res" 631
"../../../Engine/Content/Internationalization/icudt64l/region/ar_SA.res" 632
"../../../Engine/Content/Internationalization/icudt64l/lang/as.res" 633
"../../../Engine/Content/Internationalization/icudt64l/region/as.res" 634
"../../../Engine/Content/Internationalization/icudt64l/lang/asa.res" 635
"../../../Engine/Content/Internationalization/icudt64l/region/asa.res" 636
"../../../Engine/Content/Internationalization/icudt64l/lang/ast.res" 637
"../../../Engine/Content/Internationalization/icudt64l/region/ast.res" 638
"../../../Engine/Content/Internationalization/icudt64l/lang/az.res" 639
"../../../Engine/Content/Internationalization/icudt64l/lang/az_Cyrl.res" 640
"../../../Engine/Content/Internationalization/icudt64l/lang/az_AZ.res" 641
"../../../Engine/Content/Internationalization/icudt64l/lang/az_Latn_AZ.res" 642
"../../../Engine/Content/Internationalization/icudt64l/lang/az_Latn.res" 643
"../../../Engine/Content/Internationalization/icudt64l/region/az_AZ.res" 644
"../../../Engine/Content/Internationalization/icudt64l/region/az_Latn_AZ.res" 645
"../../../Engine/Content/Internationalization/icudt64l/region/az_Latn.res" 646
"../../../Engine/Content/Internationalization/icudt64l/region/az.res" 647
"../../../Engine/Content/Internationalization/icudt64l/region/az_Cyrl.res" 648
"../../../Engine/Content/Internationalization/icudt64l/lang/bas.res" 649
"../../../Engine/Content/Internationalization/icudt64l/region/bas.res" 650
"../../../Engine/Content/Internationalization/icudt64l/lang/be.res" 651
"../../../Engine/Content/Internationalization/icudt64l/region/be.res" 652
"../../../Engine/Content/Internationalization/icudt64l/lang/bem.res" 653
"../../../Engine/Content/Internationalization/icudt64l/region/bem.res" 654
"../../../Engine/Content/Internationalization/icudt64l/lang/bez.res" 655
"../../../Engine/Content/Internationalization/icudt64l/region/bez.res" 656
"../../../Engine/Content/Internationalization/icudt64l/lang/bg.res" 657
"../../../Engine/Content/Internationalization/icudt64l/region/bg.res" 658
"../../../Engine/Content/Internationalization/icudt64l/lang/bm.res" 659
"../../../Engine/Content/Internationalization/icudt64l/region/bm.res" 660
"../../../Engine/Content/Internationalization/icudt64l/lang/bn.res" 661
"../../../Engine/Content/Internationalization/icudt64l/region/bn.res" 662
"../../../Engine/Content/Internationalization/icudt64l/lang/bn_IN.res" 663
"../../../Engine/Content/Internationalization/icudt64l/region/bn_IN.res" 664
"../../../Engine/Content/Internationalization/icudt64l/lang/bo.res" 665
"../../../Engine/Content/Internationalization/icudt64l/region/bo.res" 666
"../../../Engine/Content/Internationalization/icudt64l/region/bo_IN.res" 667
"../../../Engine/Content/Internationalization/icudt64l/lang/br.res" 668
"../../../Engine/Content/Internationalization/icudt64l/region/br.res" 669
"../../../Engine/Content/Internationalization/icudt64l/lang/brx.res" 670
"../../../Engine/Content/Internationalization/icudt64l/region/brx.res" 671
"../../../Engine/Content/Internationalization/icudt64l/lang/bs.res" 672
"../../../Engine/Content/Internationalization/icudt64l/lang/bs_Cyrl.res" 673
"../../../Engine/Content/Internationalization/icudt64l/lang/bs_BA.res" 674
"../../../Engine/Content/Internationalization/icudt64l/lang/bs_Latn_BA.res" 675
"../../../Engine/Content/Internationalization/icudt64l/lang/bs_Latn.res" 676
"../../../Engine/Content/Internationalization/icudt64l/region/bs_BA.res" 677
"../../../Engine/Content/Internationalization/icudt64l/region/bs_Latn_BA.res" 678
"../../../Engine/Content/Internationalization/icudt64l/region/bs_Latn.res" 679
"../../../Engine/Content/Internationalization/icudt64l/region/bs.res" 680
"../../../Engine/Content/Internationalization/icudt64l/region/bs_Cyrl.res" 681
"../../../Engine/Content/Internationalization/icudt64l/lang/ca.res" 682
"../../../Engine/Content/Internationalization/icudt64l/region/ca.res" 683
"../../../Engine/Content/Internationalization/icudt64l/lang/ccp.res" 684
"../../../Engine/Content/Internationalization/icudt64l/region/ccp.res" 685
"../../../Engine/Content/Internationalization/icudt64l/lang/ce.res" 686
"../../../Engine/Content/Internationalization/icudt64l/region/ce.res" 687
"../../../Engine/Content/Internationalization/icudt64l/lang/ceb.res" 688
"../../../Engine/Content/Internationalization/icudt64l/region/ceb.res" 689
"../../../Engine/Content/Internationalization/icudt64l/lang/cgg.res" 690
"../../../Engine/Content/Internationalization/icudt64l/region/cgg.res" 691
"../../../Engine/Content/Internationalization/icudt64l/lang/chr.res" 692
"../../../Engine/Content/Internationalization/icudt64l/region/chr.res" 693
"../../../Engine/Content/Internationalization/icudt64l/lang/ckb.res" 694
"../../../Engine/Content/Internationalization/icudt64l/region/ckb.res" 695
"../../../Engine/Content/Internationalization/icudt64l/lang/cs.res" 696
"../../../Engine/Content/Internationalization/icudt64l/region/cs.res" 697
"../../../Engine/Content/Internationalization/icudt64l/lang/cy.res" 698
"../../../Engine/Content/Internationalization/icudt64l/region/cy.res" 699
"../../../Engine/Content/Internationalization/icudt64l/lang/da.res" 700
"../../../Engine/Content/Internationalization/icudt64l/region/da.res" 701
"../../../Engine/Content/Internationalization/icudt64l/lang/dav.res" 702
"../../../Engine/Content/Internationalization/icudt64l/region/dav.res" 703
"../../../Engine/Content/Internationalization/icudt64l/lang/de.res" 704
"../../../Engine/Content/Internationalization/icudt64l/lang/de_AT.res" 705
"../../../Engine/Content/Internationalization/icudt64l/region/de_AT.res" 706
"../../../Engine/Content/Internationalization/icudt64l/region/de.res" 707
"../../../Engine/Content/Internationalization/icudt64l/lang/de_CH.res" 708
"../../../Engine/Content/Internationalization/icudt64l/region/de_CH.res" 709
"../../../Engine/Content/Internationalization/icudt64l/lang/de_LU.res" 710
"../../../Engine/Content/Internationalization/icudt64l/lang/dje.res" 711
"../../../Engine/Content/Internationalization/icudt64l/region/dje.res" 712
"../../../Engine/Content/Internationalization/icudt64l/lang/dsb.res" 713
"../../../Engine/Content/Internationalization/icudt64l/region/dsb.res" 714
"../../../Engine/Content/Internationalization/icudt64l/lang/dua.res" 715
"../../../Engine/Content/Internationalization/icudt64l/region/dua.res" 716
"../../../Engine/Content/Internationalization/icudt64l/lang/dyo.res" 717
"../../../Engine/Content/Internationalization/icudt64l/region/dyo.res" 718
"../../../Engine/Content/Internationalization/icudt64l/lang/dz.res" 719
"../../../Engine/Content/Internationalization/icudt64l/region/dz.res" 720
"../../../Engine/Content/Internationalization/icudt64l/lang/ebu.res" 721
"../../../Engine/Content/Internationalization/icudt64l/region/ebu.res" 722
"../../../Engine/Content/Internationalization/icudt64l/lang/ee.res" 723
"../../../Engine/Content/Internationalization/icudt64l/region/ee.res" 724
"../../../Engine/Content/Internationalization/icudt64l/lang/el.res" 725
"../../../Engine/Content/Internationalization/icudt64l/region/el.res" 726
"../../../Engine/Content/Internationalization/icudt64l/lang/en_001.res" 727
"../../../Engine/Content/Internationalization/icudt64l/lang/en_150.res" 728
"../../../Engine/Content/Internationalization/icudt64l/region/en_150.res" 729
"../../../Engine/Content/Internationalization/icudt64l/lang/en_AG.res" 730
"../../../Engine/Content/Internationalization/icudt64l/region/en_AG.res" 731
"../../../Engine/Content/Internationalization/icudt64l/lang/en_AI.res" 732
"../../../Engine/Content/Internationalization/icudt64l/region/en_AI.res" 733
"../../../Engine/Content/Internationalization/icudt64l/lang/en_AT.res" 734
"../../../Engine/Content/Internationalization/icudt64l/region/en_AT.res" 735
"../../../Engine/Content/Internationalization/icudt64l/lang/en_AU.res" 736
"../../../Engine/Content/Internationalization/icudt64l/region/en_AU.res" 737
"../../../Engine/Content/Internationalization/icudt64l/lang/en_BB.res" 738
"../../../Engine/Content/Internationalization/icudt64l/region/en_BB.res" 739
"../../../Engine/Content/Internationalization/icudt64l/lang/en_BE.res" 740
"../../../Engine/Content/Internationalization/icudt64l/region/en_BE.res" 741
"../../../Engine/Content/Internationalization/icudt64l/lang/en_BM.res" 742
"../../../Engine/Content/Internationalization/icudt64l/region/en_BM.res" 743
"../../../Engine/Content/Internationalization/icudt64l/lang/en_BS.res" 744
"../../../Engine/Content/Internationalization/icudt64l/region/en_BS.res" 745
"../../../Engine/Content/Internationalization/icudt64l/lang/en_BW.res" 746
"../../../Engine/Content/Internationalization/icudt64l/region/en_BW.res" 747
"../../../Engine/Content/Internationalization/icudt64l/lang/en_BZ.res" 748
"../../../Engine/Content/Internationalization/icudt64l/region/en_BZ.res" 749
"../../../Engine/Content/Internationalization/icudt64l/lang/en_CA.res" 750
"../../../Engine/Content/Internationalization/icudt64l/region/en_CA.res" 751
"../../../Engine/Content/Internationalization/icudt64l/lang/en_CC.res" 752
"../../../Engine/Content/Internationalization/icudt64l/region/en_CC.res" 753
"../../../Engine/Content/Internationalization/icudt64l/lang/en_CH.res" 754
"../../../Engine/Content/Internationalization/icudt64l/region/en_CH.res" 755
"../../../Engine/Content/Internationalization/icudt64l/lang/en_CK.res" 756
"../../../Engine/Content/Internationalization/icudt64l/region/en_CK.res" 757
"../../../Engine/Content/Internationalization/icudt64l/lang/en_CM.res" 758
"../../../Engine/Content/Internationalization/icudt64l/region/en_CM.res" 759
"../../../Engine/Content/Internationalization/icudt64l/lang/en_CX.res" 760
"../../../Engine/Content/Internationalization/icudt64l/region/en_CX.res" 761
"../../../Engine/Content/Internationalization/icudt64l/lang/en_CY.res" 762
"../../../Engine/Content/Internationalization/icudt64l/region/en_CY.res" 763
"../../../Engine/Content/Internationalization/icudt64l/lang/en_DE.res" 764
"../../../Engine/Content/Internationalization/icudt64l/region/en_DE.res" 765
"../../../Engine/Content/Internationalization/icudt64l/lang/en_DG.res" 766
"../../../Engine/Content/Internationalization/icudt64l/region/en_DG.res" 767
"../../../Engine/Content/Internationalization/icudt64l/lang/en_DK.res" 768
"../../../Engine/Content/Internationalization/icudt64l/region/en_DK.res" 769
"../../../Engine/Content/Internationalization/icudt64l/lang/en_DM.res" 770
"../../../Engine/Content/Internationalization/icudt64l/region/en_DM.res" 771
"../../../Engine/Content/Internationalization/icudt64l/lang/en_ER.res" 772
"../../../Engine/Content/Internationalization/icudt64l/region/en_ER.res" 773
"../../../Engine/Content/Internationalization/icudt64l/lang/en_FI.res" 774
"../../../Engine/Content/Internationalization/icudt64l/region/en_FI.res" 775
"../../../Engine/Content/Internationalization/icudt64l/lang/en_FJ.res" 776
"../../../Engine/Content/Internationalization/icudt64l/region/en_FJ.res" 777
"../../../Engine/Content/Internationalization/icudt64l/lang/en_FK.res" 778
"../../../Engine/Content/Internationalization/icudt64l/region/en_FK.res" 779
"../../../Engine/Content/Internationalization/icudt64l/lang/en_FM.res" 780
"../../../Engine/Content/Internationalization/icudt64l/region/en_FM.res" 781
"../../../Engine/Content/Internationalization/icudt64l/lang/en_GB.res" 782
"../../../Engine/Content/Internationalization/icudt64l/region/en_GB.res" 783
"../../../Engine/Content/Internationalization/icudt64l/lang/en_GD.res" 784
"../../../Engine/Content/Internationalization/icudt64l/region/en_GD.res" 785
"../../../Engine/Content/Internationalization/icudt64l/lang/en_GG.res" 786
"../../../Engine/Content/Internationalization/icudt64l/region/en_GG.res" 787
"../../../Engine/Content/Internationalization/icudt64l/lang/en_GH.res" 788
"../../../Engine/Content/Internationalization/icudt64l/region/en_GH.res" 789
"../../../Engine/Content/Internationalization/icudt64l/lang/en_GI.res" 790
"../../../Engine/Content/Internationalization/icudt64l/region/en_GI.res" 791
"../../../Engine/Content/Internationalization/icudt64l/lang/en_GM.res" 792
"../../../Engine/Content/Internationalization/icudt64l/region/en_GM.res" 793
"../../../Engine/Content/Internationalization/icudt64l/lang/en_GY.res" 794
"../../../Engine/Content/Internationalization/icudt64l/region/en_GY.res" 795
"../../../Engine/Content/Internationalization/icudt64l/lang/en_HK.res" 796
"../../../Engine/Content/Internationalization/icudt64l/region/en_HK.res" 797
"../../../Engine/Content/Internationalization/icudt64l/lang/en_IE.res" 798
"../../../Engine/Content/Internationalization/icudt64l/region/en_IE.res" 799
"../../../Engine/Content/Internationalization/icudt64l/lang/en_IL.res" 800
"../../../Engine/Content/Internationalization/icudt64l/region/en_IL.res" 801
"../../../Engine/Content/Internationalization/icudt64l/lang/en_IM.res" 802
"../../../Engine/Content/Internationalization/icudt64l/region/en_IM.res" 803
"../../../Engine/Content/Internationalization/icudt64l/lang/en_IN.res" 804
"../../../Engine/Content/Internationalization/icudt64l/region/en_IN.res" 805
"../../../Engine/Content/Internationalization/icudt64l/lang/en_IO.res" 806
"../../../Engine/Content/Internationalization/icudt64l/region/en_IO.res" 807
"../../../Engine/Content/Internationalization/icudt64l/lang/en_JE.res" 808
"../../../Engine/Content/Internationalization/icudt64l/region/en_JE.res" 809
"../../../Engine/Content/Internationalization/icudt64l/lang/en_JM.res" 810
"../../../Engine/Content/Internationalization/icudt64l/region/en_JM.res" 811
"../../../Engine/Content/Internationalization/icudt64l/lang/en_KE.res" 812
"../../../Engine/Content/Internationalization/icudt64l/region/en_KE.res" 813
"../../../Engine/Content/Internationalization/icudt64l/lang/en_KI.res" 814
"../../../Engine/Content/Internationalization/icudt64l/region/en_KI.res" 815
"../../../Engine/Content/Internationalization/icudt64l/lang/en_KN.res" 816
"../../../Engine/Content/Internationalization/icudt64l/region/en_KN.res" 817
"../../../Engine/Content/Internationalization/icudt64l/lang/en_KY.res" 818
"../../../Engine/Content/Internationalization/icudt64l/region/en_KY.res" 819
"../../../Engine/Content/Internationalization/icudt64l/lang/en_LC.res" 820
"../../../Engine/Content/Internationalization/icudt64l/region/en_LC.res" 821
"../../../Engine/Content/Internationalization/icudt64l/lang/en_LR.res" 822
"../../../Engine/Content/Internationalization/icudt64l/region/en_LR.res" 823
"../../../Engine/Content/Internationalization/icudt64l/lang/en_LS.res" 824
"../../../Engine/Content/Internationalization/icudt64l/region/en_LS.res" 825
"../../../Engine/Content/Internationalization/icudt64l/lang/en_MG.res" 826
"../../../Engine/Content/Internationalization/icudt64l/region/en_MG.res" 827
"../../../Engine/Content/Internationalization/icudt64l/lang/en_MO.res" 828
"../../../Engine/Content/Internationalization/icudt64l/region/en_MO.res" 829
"../../../Engine/Content/Internationalization/icudt64l/lang/en_MS.res" 830
"../../../Engine/Content/Internationalization/icudt64l/region/en_MS.res" 831
"../../../Engine/Content/Internationalization/icudt64l/lang/en_MT.res" 832
"../../../Engine/Content/Internationalization/icudt64l/region/en_MT.res" 833
"../../../Engine/Content/Internationalization/icudt64l/lang/en_MU.res" 834
"../../../Engine/Content/Internationalization/icudt64l/region/en_MU.res" 835
"../../../Engine/Content/Internationalization/icudt64l/lang/en_MW.res" 836
"../../../Engine/Content/Internationalization/icudt64l/region/en_MW.res" 837
"../../../Engine/Content/Internationalization/icudt64l/lang/en_MY.res" 838
"../../../Engine/Content/Internationalization/icudt64l/region/en_MY.res" 839
"../../../Engine/Content/Internationalization/icudt64l/lang/en_NA.res" 840
"../../../Engine/Content/Internationalization/icudt64l/region/en_NA.res" 841
"../../../Engine/Content/Internationalization/icudt64l/lang/en_NF.res" 842
"../../../Engine/Content/Internationalization/icudt64l/region/en_NF.res" 843
"../../../Engine/Content/Internationalization/icudt64l/lang/en_NG.res" 844
"../../../Engine/Content/Internationalization/icudt64l/region/en_NG.res" 845
"../../../Engine/Content/Internationalization/icudt64l/lang/en_NL.res" 846
"../../../Engine/Content/Internationalization/icudt64l/region/en_NL.res" 847
"../../../Engine/Content/Internationalization/icudt64l/lang/en_NR.res" 848
"../../../Engine/Content/Internationalization/icudt64l/region/en_NR.res" 849
"../../../Engine/Content/Internationalization/icudt64l/lang/en_NU.res" 850
"../../../Engine/Content/Internationalization/icudt64l/region/en_NU.res" 851
"../../../Engine/Content/Internationalization/icudt64l/lang/en_NZ.res" 852
"../../../Engine/Content/Internationalization/icudt64l/region/en_NZ.res" 853
"../../../Engine/Content/Internationalization/icudt64l/lang/en_PG.res" 854
"../../../Engine/Content/Internationalization/icudt64l/region/en_PG.res" 855
"../../../Engine/Content/Internationalization/icudt64l/lang/en_PH.res" 856
"../../../Engine/Content/Internationalization/icudt64l/region/en_PH.res" 857
"../../../Engine/Content/Internationalization/icudt64l/lang/en_PK.res" 858
"../../../Engine/Content/Internationalization/icudt64l/region/en_PK.res" 859
"../../../Engine/Content/Internationalization/icudt64l/lang/en_PN.res" 860
"../../../Engine/Content/Internationalization/icudt64l/region/en_PN.res" 861
"../../../Engine/Content/Internationalization/icudt64l/lang/en_PW.res" 862
"../../../Engine/Content/Internationalization/icudt64l/region/en_PW.res" 863
"../../../Engine/Content/Internationalization/icudt64l/lang/en_RW.res" 864
"../../../Engine/Content/Internationalization/icudt64l/region/en_RW.res" 865
"../../../Engine/Content/Internationalization/icudt64l/lang/en_SB.res" 866
"../../../Engine/Content/Internationalization/icudt64l/region/en_SB.res" 867
"../../../Engine/Content/Internationalization/icudt64l/lang/en_SC.res" 868
"../../../Engine/Content/Internationalization/icudt64l/region/en_SC.res" 869
"../../../Engine/Content/Internationalization/icudt64l/lang/en_SD.res" 870
"../../../Engine/Content/Internationalization/icudt64l/region/en_SD.res" 871
"../../../Engine/Content/Internationalization/icudt64l/lang/en_SE.res" 872
"../../../Engine/Content/Internationalization/icudt64l/region/en_SE.res" 873
"../../../Engine/Content/Internationalization/icudt64l/lang/en_SG.res" 874
"../../../Engine/Content/Internationalization/icudt64l/region/en_SG.res" 875
"../../../Engine/Content/Internationalization/icudt64l/lang/en_SH.res" 876
"../../../Engine/Content/Internationalization/icudt64l/region/en_SH.res" 877
"../../../Engine/Content/Internationalization/icudt64l/lang/en_SI.res" 878
"../../../Engine/Content/Internationalization/icudt64l/region/en_SI.res" 879
"../../../Engine/Content/Internationalization/icudt64l/lang/en_SL.res" 880
"../../../Engine/Content/Internationalization/icudt64l/region/en_SL.res" 881
"../../../Engine/Content/Internationalization/icudt64l/lang/en_SS.res" 882
"../../../Engine/Content/Internationalization/icudt64l/region/en_SS.res" 883
"../../../Engine/Content/Internationalization/icudt64l/lang/en_SX.res" 884
"../../../Engine/Content/Internationalization/icudt64l/region/en_SX.res" 885
"../../../Engine/Content/Internationalization/icudt64l/lang/en_SZ.res" 886
"../../../Engine/Content/Internationalization/icudt64l/region/en_SZ.res" 887
"../../../Engine/Content/Internationalization/icudt64l/lang/en_TC.res" 888
"../../../Engine/Content/Internationalization/icudt64l/region/en_TC.res" 889
"../../../Engine/Content/Internationalization/icudt64l/lang/en_TK.res" 890
"../../../Engine/Content/Internationalization/icudt64l/region/en_TK.res" 891
"../../../Engine/Content/Internationalization/icudt64l/lang/en_TO.res" 892
"../../../Engine/Content/Internationalization/icudt64l/region/en_TO.res" 893
"../../../Engine/Content/Internationalization/icudt64l/lang/en_TT.res" 894
"../../../Engine/Content/Internationalization/icudt64l/region/en_TT.res" 895
"../../../Engine/Content/Internationalization/icudt64l/lang/en_TV.res" 896
"../../../Engine/Content/Internationalization/icudt64l/region/en_TV.res" 897
"../../../Engine/Content/Internationalization/icudt64l/lang/en_TZ.res" 898
"../../../Engine/Content/Internationalization/icudt64l/region/en_TZ.res" 899
"../../../Engine/Content/Internationalization/icudt64l/lang/en_UG.res" 900
"../../../Engine/Content/Internationalization/icudt64l/region/en_UG.res" 901
"../../../Engine/Content/Internationalization/icudt64l/lang/en_VC.res" 902
"../../../Engine/Content/Internationalization/icudt64l/region/en_VC.res" 903
"../../../Engine/Content/Internationalization/icudt64l/lang/en_VG.res" 904
"../../../Engine/Content/Internationalization/icudt64l/region/en_VG.res" 905
"../../../Engine/Content/Internationalization/icudt64l/lang/en_VU.res" 906
"../../../Engine/Content/Internationalization/icudt64l/region/en_VU.res" 907
"../../../Engine/Content/Internationalization/icudt64l/lang/en_WS.res" 908
"../../../Engine/Content/Internationalization/icudt64l/region/en_WS.res" 909
"../../../Engine/Content/Internationalization/icudt64l/lang/en_ZA.res" 910
"../../../Engine/Content/Internationalization/icudt64l/region/en_ZA.res" 911
"../../../Engine/Content/Internationalization/icudt64l/lang/en_ZM.res" 912
"../../../Engine/Content/Internationalization/icudt64l/region/en_ZM.res" 913
"../../../Engine/Content/Internationalization/icudt64l/lang/en_ZW.res" 914
"../../../Engine/Content/Internationalization/icudt64l/region/en_ZW.res" 915
"../../../Engine/Content/Internationalization/icudt64l/lang/eo.res" 916
"../../../Engine/Content/Internationalization/icudt64l/region/eo.res" 917
"../../../Engine/Content/Internationalization/icudt64l/lang/es.res" 918
"../../../Engine/Content/Internationalization/icudt64l/lang/es_419.res" 919
"../../../Engine/Content/Internationalization/icudt64l/region/es_419.res" 920
"../../../Engine/Content/Internationalization/icudt64l/region/es.res" 921
"../../../Engine/Content/Internationalization/icudt64l/lang/es_AR.res" 922
"../../../Engine/Content/Internationalization/icudt64l/region/es_AR.res" 923
"../../../Engine/Content/Internationalization/icudt64l/lang/es_BO.res" 924
"../../../Engine/Content/Internationalization/icudt64l/region/es_BO.res" 925
"../../../Engine/Content/Internationalization/icudt64l/lang/es_BR.res" 926
"../../../Engine/Content/Internationalization/icudt64l/region/es_BR.res" 927
"../../../Engine/Content/Internationalization/icudt64l/lang/es_BZ.res" 928
"../../../Engine/Content/Internationalization/icudt64l/region/es_BZ.res" 929
"../../../Engine/Content/Internationalization/icudt64l/lang/es_CL.res" 930
"../../../Engine/Content/Internationalization/icudt64l/region/es_CL.res" 931
"../../../Engine/Content/Internationalization/icudt64l/lang/es_CO.res" 932
"../../../Engine/Content/Internationalization/icudt64l/region/es_CO.res" 933
"../../../Engine/Content/Internationalization/icudt64l/lang/es_CR.res" 934
"../../../Engine/Content/Internationalization/icudt64l/region/es_CR.res" 935
"../../../Engine/Content/Internationalization/icudt64l/lang/es_CU.res" 936
"../../../Engine/Content/Internationalization/icudt64l/region/es_CU.res" 937
"../../../Engine/Content/Internationalization/icudt64l/lang/es_DO.res" 938
"../../../Engine/Content/Internationalization/icudt64l/region/es_DO.res" 939
"../../../Engine/Content/Internationalization/icudt64l/lang/es_EC.res" 940
"../../../Engine/Content/Internationalization/icudt64l/region/es_EC.res" 941
"../../../Engine/Content/Internationalization/icudt64l/lang/es_GT.res" 942
"../../../Engine/Content/Internationalization/icudt64l/region/es_GT.res" 943
"../../../Engine/Content/Internationalization/icudt64l/lang/es_HN.res" 944
"../../../Engine/Content/Internationalization/icudt64l/region/es_HN.res" 945
"../../../Engine/Content/Internationalization/icudt64l/lang/es_MX.res" 946
"../../../Engine/Content/Internationalization/icudt64l/region/es_MX.res" 947
"../../../Engine/Content/Internationalization/icudt64l/lang/es_NI.res" 948
"../../../Engine/Content/Internationalization/icudt64l/region/es_NI.res" 949
"../../../Engine/Content/Internationalization/icudt64l/lang/es_PA.res" 950
"../../../Engine/Content/Internationalization/icudt64l/region/es_PA.res" 951
"../../../Engine/Content/Internationalization/icudt64l/lang/es_PE.res" 952
"../../../Engine/Content/Internationalization/icudt64l/region/es_PE.res" 953
"../../../Engine/Content/Internationalization/icudt64l/lang/es_PR.res" 954
"../../../Engine/Content/Internationalization/icudt64l/region/es_PR.res" 955
"../../../Engine/Content/Internationalization/icudt64l/lang/es_PY.res" 956
"../../../Engine/Content/Internationalization/icudt64l/region/es_PY.res" 957
"../../../Engine/Content/Internationalization/icudt64l/lang/es_SV.res" 958
"../../../Engine/Content/Internationalization/icudt64l/region/es_SV.res" 959
"../../../Engine/Content/Internationalization/icudt64l/lang/es_US.res" 960
"../../../Engine/Content/Internationalization/icudt64l/region/es_US.res" 961
"../../../Engine/Content/Internationalization/icudt64l/lang/es_UY.res" 962
"../../../Engine/Content/Internationalization/icudt64l/region/es_UY.res" 963
"../../../Engine/Content/Internationalization/icudt64l/lang/es_VE.res" 964
"../../../Engine/Content/Internationalization/icudt64l/region/es_VE.res" 965
"../../../Engine/Content/Internationalization/icudt64l/lang/et.res" 966
"../../../Engine/Content/Internationalization/icudt64l/region/et.res" 967
"../../../Engine/Content/Internationalization/icudt64l/lang/eu.res" 968
"../../../Engine/Content/Internationalization/icudt64l/region/eu.res" 969
"../../../Engine/Content/Internationalization/icudt64l/lang/ewo.res" 970
"../../../Engine/Content/Internationalization/icudt64l/region/ewo.res" 971
"../../../Engine/Content/Internationalization/icudt64l/lang/fa.res" 972
"../../../Engine/Content/Internationalization/icudt64l/lang/fa_AF.res" 973
"../../../Engine/Content/Internationalization/icudt64l/region/fa_AF.res" 974
"../../../Engine/Content/Internationalization/icudt64l/region/fa.res" 975
"../../../Engine/Content/Internationalization/icudt64l/lang/ff.res" 976
"../../../Engine/Content/Internationalization/icudt64l/lang/ff_Latn.res" 977
"../../../Engine/Content/Internationalization/icudt64l/region/ff.res" 978
"../../../Engine/Content/Internationalization/icudt64l/region/ff_Latn.res" 979
"../../../Engine/Content/Internationalization/icudt64l/lang/ff_CM.res" 980
"../../../Engine/Content/Internationalization/icudt64l/lang/ff_Latn_CM.res" 981
"../../../Engine/Content/Internationalization/icudt64l/region/ff_CM.res" 982
"../../../Engine/Content/Internationalization/icudt64l/region/ff_Latn_CM.res" 983
"../../../Engine/Content/Internationalization/icudt64l/lang/ff_GN.res" 984
"../../../Engine/Content/Internationalization/icudt64l/lang/ff_Latn_GN.res" 985
"../../../Engine/Content/Internationalization/icudt64l/region/ff_GN.res" 986
"../../../Engine/Content/Internationalization/icudt64l/region/ff_Latn_GN.res" 987
"../../../Engine/Content/Internationalization/icudt64l/lang/ff_MR.res" 988
"../../../Engine/Content/Internationalization/icudt64l/lang/ff_Latn_MR.res" 989
"../../../Engine/Content/Internationalization/icudt64l/region/ff_MR.res" 990
"../../../Engine/Content/Internationalization/icudt64l/region/ff_Latn_MR.res" 991
"../../../Engine/Content/Internationalization/icudt64l/lang/ff_SN.res" 992
"../../../Engine/Content/Internationalization/icudt64l/lang/ff_Latn_SN.res" 993
"../../../Engine/Content/Internationalization/icudt64l/region/ff_SN.res" 994
"../../../Engine/Content/Internationalization/icudt64l/region/ff_Latn_SN.res" 995
"../../../Engine/Content/Internationalization/icudt64l/lang/fi.res" 996
"../../../Engine/Content/Internationalization/icudt64l/region/fi.res" 997
"../../../Engine/Content/Internationalization/icudt64l/lang/fil.res" 998
"../../../Engine/Content/Internationalization/icudt64l/lang/fil_PH.res" 999
"../../../Engine/Content/Internationalization/icudt64l/region/fil_PH.res" 1000
"../../../Engine/Content/Internationalization/icudt64l/region/fil.res" 1001
"../../../Engine/Content/Internationalization/icudt64l/lang/fo.res" 1002
"../../../Engine/Content/Internationalization/icudt64l/region/fo.res" 1003
"../../../Engine/Content/Internationalization/icudt64l/lang/fr.res" 1004
"../../../Engine/Content/Internationalization/icudt64l/lang/fr_BE.res" 1005
"../../../Engine/Content/Internationalization/icudt64l/region/fr_BE.res" 1006
"../../../Engine/Content/Internationalization/icudt64l/region/fr.res" 1007
"../../../Engine/Content/Internationalization/icudt64l/lang/fr_CA.res" 1008
"../../../Engine/Content/Internationalization/icudt64l/region/fr_CA.res" 1009
"../../../Engine/Content/Internationalization/icudt64l/lang/fr_CH.res" 1010
"../../../Engine/Content/Internationalization/icudt64l/lang/fur.res" 1011
"../../../Engine/Content/Internationalization/icudt64l/region/fur.res" 1012
"../../../Engine/Content/Internationalization/icudt64l/lang/fy.res" 1013
"../../../Engine/Content/Internationalization/icudt64l/region/fy.res" 1014
"../../../Engine/Content/Internationalization/icudt64l/lang/ga.res" 1015
"../../../Engine/Content/Internationalization/icudt64l/region/ga.res" 1016
"../../../Engine/Content/Internationalization/icudt64l/lang/gd.res" 1017
"../../../Engine/Content/Internationalization/icudt64l/region/gd.res" 1018
"../../../Engine/Content/Internationalization/icudt64l/lang/gl.res" 1019
"../../../Engine/Content/Internationalization/icudt64l/region/gl.res" 1020
"../../../Engine/Content/Internationalization/icudt64l/lang/gsw.res" 1021
"../../../Engine/Content/Internationalization/icudt64l/region/gsw.res" 1022
"../../../Engine/Content/Internationalization/icudt64l/lang/gu.res" 1023
"../../../Engine/Content/Internationalization/icudt64l/region/gu.res" 1024
"../../../Engine/Content/Internationalization/icudt64l/lang/guz.res" 1025
"../../../Engine/Content/Internationalization/icudt64l/region/guz.res" 1026
"../../../Engine/Content/Internationalization/icudt64l/lang/gv.res" 1027
"../../../Engine/Content/Internationalization/icudt64l/region/gv.res" 1028
"../../../Engine/Content/Internationalization/icudt64l/lang/ha.res" 1029
"../../../Engine/Content/Internationalization/icudt64l/region/ha.res" 1030
"../../../Engine/Content/Internationalization/icudt64l/lang/ha_NE.res" 1031
"../../../Engine/Content/Internationalization/icudt64l/region/ha_NE.res" 1032
"../../../Engine/Content/Internationalization/icudt64l/lang/haw.res" 1033
"../../../Engine/Content/Internationalization/icudt64l/region/haw.res" 1034
"../../../Engine/Content/Internationalization/icudt64l/lang/he.res" 1035
"../../../Engine/Content/Internationalization/icudt64l/lang/he_IL.res" 1036
"../../../Engine/Content/Internationalization/icudt64l/region/he_IL.res" 1037
"../../../Engine/Content/Internationalization/icudt64l/region/he.res" 1038
"../../../Engine/Content/Internationalization/icudt64l/lang/hi.res" 1039
"../../../Engine/Content/Internationalization/icudt64l/region/hi.res" 1040
"../../../Engine/Content/Internationalization/icudt64l/lang/hr.res" 1041
"../../../Engine/Content/Internationalization/icudt64l/region/hr.res" 1042
"../../../Engine/Content/Internationalization/icudt64l/lang/hsb.res" 1043
"../../../Engine/Content/Internationalization/icudt64l/region/hsb.res" 1044
"../../../Engine/Content/Internationalization/icudt64l/lang/hu.res" 1045
"../../../Engine/Content/Internationalization/icudt64l/region/hu.res" 1046
"../../../Engine/Content/Internationalization/icudt64l/lang/hy.res" 1047
"../../../Engine/Content/Internationalization/icudt64l/region/hy.res" 1048
"../../../Engine/Content/Internationalization/icudt64l/lang/ia.res" 1049
"../../../Engine/Content/Internationalization/icudt64l/region/ia.res" 1050
"../../../Engine/Content/Internationalization/icudt64l/lang/id.res" 1051
"../../../Engine/Content/Internationalization/icudt64l/lang/id_ID.res" 1052
"../../../Engine/Content/Internationalization/icudt64l/region/id_ID.res" 1053
"../../../Engine/Content/Internationalization/icudt64l/region/id.res" 1054
"../../../Engine/Content/Internationalization/icudt64l/lang/ig.res" 1055
"../../../Engine/Content/Internationalization/icudt64l/region/ig.res" 1056
"../../../Engine/Content/Internationalization/icudt64l/lang/ii.res" 1057
"../../../Engine/Content/Internationalization/icudt64l/region/ii.res" 1058
"../../../Engine/Content/Internationalization/icudt64l/lang/is.res" 1059
"../../../Engine/Content/Internationalization/icudt64l/region/is.res" 1060
"../../../Engine/Content/Internationalization/icudt64l/lang/it.res" 1061
"../../../Engine/Content/Internationalization/icudt64l/region/it.res" 1062
"../../../Engine/Content/Internationalization/icudt64l/lang/ja.res" 1063
"../../../Engine/Content/Internationalization/icudt64l/lang/ja_JP.res" 1064
"../../../Engine/Content/Internationalization/icudt64l/region/ja_JP.res" 1065
"../../../Engine/Content/Internationalization/icudt64l/region/ja.res" 1066
"../../../Engine/Content/Internationalization/icudt64l/lang/jgo.res" 1067
"../../../Engine/Content/Internationalization/icudt64l/region/jgo.res" 1068
"../../../Engine/Content/Internationalization/icudt64l/lang/jmc.res" 1069
"../../../Engine/Content/Internationalization/icudt64l/region/jmc.res" 1070
"../../../Engine/Content/Internationalization/icudt64l/lang/jv.res" 1071
"../../../Engine/Content/Internationalization/icudt64l/region/jv.res" 1072
"../../../Engine/Content/Internationalization/icudt64l/lang/ka.res" 1073
"../../../Engine/Content/Internationalization/icudt64l/region/ka.res" 1074
"../../../Engine/Content/Internationalization/icudt64l/lang/kab.res" 1075
"../../../Engine/Content/Internationalization/icudt64l/region/kab.res" 1076
"../../../Engine/Content/Internationalization/icudt64l/lang/kam.res" 1077
"../../../Engine/Content/Internationalization/icudt64l/region/kam.res" 1078
"../../../Engine/Content/Internationalization/icudt64l/lang/kde.res" 1079
"../../../Engine/Content/Internationalization/icudt64l/region/kde.res" 1080
"../../../Engine/Content/Internationalization/icudt64l/lang/kea.res" 1081
"../../../Engine/Content/Internationalization/icudt64l/region/kea.res" 1082
"../../../Engine/Content/Internationalization/icudt64l/lang/khq.res" 1083
"../../../Engine/Content/Internationalization/icudt64l/region/khq.res" 1084
"../../../Engine/Content/Internationalization/icudt64l/lang/ki.res" 1085
"../../../Engine/Content/Internationalization/icudt64l/region/ki.res" 1086
"../../../Engine/Content/Internationalization/icudt64l/lang/kk.res" 1087
"../../../Engine/Content/Internationalization/icudt64l/region/kk.res" 1088
"../../../Engine/Content/Internationalization/icudt64l/lang/kkj.res" 1089
"../../../Engine/Content/Internationalization/icudt64l/region/kkj.res" 1090
"../../../Engine/Content/Internationalization/icudt64l/lang/kl.res" 1091
"../../../Engine/Content/Internationalization/icudt64l/region/kl.res" 1092
"../../../Engine/Content/Internationalization/icudt64l/lang/kln.res" 1093
"../../../Engine/Content/Internationalization/icudt64l/region/kln.res" 1094
"../../../Engine/Content/Internationalization/icudt64l/lang/km.res" 1095
"../../../Engine/Content/Internationalization/icudt64l/region/km.res" 1096
"../../../Engine/Content/Internationalization/icudt64l/lang/kn.res" 1097
"../../../Engine/Content/Internationalization/icudt64l/region/kn.res" 1098
"../../../Engine/Content/Internationalization/icudt64l/lang/ko.res" 1099
"../../../Engine/Content/Internationalization/icudt64l/region/ko_KP.res" 1100
"../../../Engine/Content/Internationalization/icudt64l/region/ko.res" 1101
"../../../Engine/Content/Internationalization/icudt64l/lang/kok.res" 1102
"../../../Engine/Content/Internationalization/icudt64l/region/kok.res" 1103
"../../../Engine/Content/Internationalization/icudt64l/lang/ks.res" 1104
"../../../Engine/Content/Internationalization/icudt64l/region/ks.res" 1105
"../../../Engine/Content/Internationalization/icudt64l/lang/ksb.res" 1106
"../../../Engine/Content/Internationalization/icudt64l/region/ksb.res" 1107
"../../../Engine/Content/Internationalization/icudt64l/lang/ksf.res" 1108
"../../../Engine/Content/Internationalization/icudt64l/region/ksf.res" 1109
"../../../Engine/Content/Internationalization/icudt64l/lang/ksh.res" 1110
"../../../Engine/Content/Internationalization/icudt64l/region/ksh.res" 1111
"../../../Engine/Content/Internationalization/icudt64l/lang/ku.res" 1112
"../../../Engine/Content/Internationalization/icudt64l/region/ku.res" 1113
"../../../Engine/Content/Internationalization/icudt64l/lang/kw.res" 1114
"../../../Engine/Content/Internationalization/icudt64l/region/kw.res" 1115
"../../../Engine/Content/Internationalization/icudt64l/lang/ky.res" 1116
"../../../Engine/Content/Internationalization/icudt64l/region/ky.res" 1117
"../../../Engine/Content/Internationalization/icudt64l/lang/lag.res" 1118
"../../../Engine/Content/Internationalization/icudt64l/region/lag.res" 1119
"../../../Engine/Content/Internationalization/icudt64l/lang/lb.res" 1120
"../../../Engine/Content/Internationalization/icudt64l/region/lb.res" 1121
"../../../Engine/Content/Internationalization/icudt64l/lang/lg.res" 1122
"../../../Engine/Content/Internationalization/icudt64l/region/lg.res" 1123
"../../../Engine/Content/Internationalization/icudt64l/lang/lkt.res" 1124
"../../../Engine/Content/Internationalization/icudt64l/region/lkt.res" 1125
"../../../Engine/Content/Internationalization/icudt64l/lang/ln.res" 1126
"../../../Engine/Content/Internationalization/icudt64l/region/ln.res" 1127
"../../../Engine/Content/Internationalization/icudt64l/lang/lo.res" 1128
"../../../Engine/Content/Internationalization/icudt64l/region/lo.res" 1129
"../../../Engine/Content/Internationalization/icudt64l/lang/lrc.res" 1130
"../../../Engine/Content/Internationalization/icudt64l/region/lrc.res" 1131
"../../../Engine/Content/Internationalization/icudt64l/lang/lt.res" 1132
"../../../Engine/Content/Internationalization/icudt64l/region/lt.res" 1133
"../../../Engine/Content/Internationalization/icudt64l/lang/lu.res" 1134
"../../../Engine/Content/Internationalization/icudt64l/region/lu.res" 1135
"../../../Engine/Content/Internationalization/icudt64l/lang/luo.res" 1136
"../../../Engine/Content/Internationalization/icudt64l/region/luo.res" 1137
"../../../Engine/Content/Internationalization/icudt64l/lang/luy.res" 1138
"../../../Engine/Content/Internationalization/icudt64l/region/luy.res" 1139
"../../../Engine/Content/Internationalization/icudt64l/lang/lv.res" 1140
"../../../Engine/Content/Internationalization/icudt64l/region/lv.res" 1141
"../../../Engine/Content/Internationalization/icudt64l/lang/mas.res" 1142
"../../../Engine/Content/Internationalization/icudt64l/region/mas.res" 1143
"../../../Engine/Content/Internationalization/icudt64l/lang/mer.res" 1144
"../../../Engine/Content/Internationalization/icudt64l/region/mer.res" 1145
"../../../Engine/Content/Internationalization/icudt64l/lang/mfe.res" 1146
"../../../Engine/Content/Internationalization/icudt64l/region/mfe.res" 1147
"../../../Engine/Content/Internationalization/icudt64l/lang/mg.res" 1148
"../../../Engine/Content/Internationalization/icudt64l/region/mg.res" 1149
"../../../Engine/Content/Internationalization/icudt64l/lang/mgh.res" 1150
"../../../Engine/Content/Internationalization/icudt64l/region/mgh.res" 1151
"../../../Engine/Content/Internationalization/icudt64l/lang/mgo.res" 1152
"../../../Engine/Content/Internationalization/icudt64l/region/mgo.res" 1153
"../../../Engine/Content/Internationalization/icudt64l/lang/mi.res" 1154
"../../../Engine/Content/Internationalization/icudt64l/region/mi.res" 1155
"../../../Engine/Content/Internationalization/icudt64l/lang/mk.res" 1156
"../../../Engine/Content/Internationalization/icudt64l/region/mk.res" 1157
"../../../Engine/Content/Internationalization/icudt64l/lang/ml.res" 1158
"../../../Engine/Content/Internationalization/icudt64l/region/ml.res" 1159
"../../../Engine/Content/Internationalization/icudt64l/lang/mn.res" 1160
"../../../Engine/Content/Internationalization/icudt64l/region/mn.res" 1161
"../../../Engine/Content/Internationalization/icudt64l/lang/mr.res" 1162
"../../../Engine/Content/Internationalization/icudt64l/region/mr.res" 1163
"../../../Engine/Content/Internationalization/icudt64l/lang/ms.res" 1164
"../../../Engine/Content/Internationalization/icudt64l/region/ms.res" 1165
"../../../Engine/Content/Internationalization/icudt64l/lang/mt.res" 1166
"../../../Engine/Content/Internationalization/icudt64l/region/mt.res" 1167
"../../../Engine/Content/Internationalization/icudt64l/lang/mua.res" 1168
"../../../Engine/Content/Internationalization/icudt64l/region/mua.res" 1169
"../../../Engine/Content/Internationalization/icudt64l/lang/my.res" 1170
"../../../Engine/Content/Internationalization/icudt64l/region/my.res" 1171
"../../../Engine/Content/Internationalization/icudt64l/lang/mzn.res" 1172
"../../../Engine/Content/Internationalization/icudt64l/region/mzn.res" 1173
"../../../Engine/Content/Internationalization/icudt64l/lang/naq.res" 1174
"../../../Engine/Content/Internationalization/icudt64l/region/naq.res" 1175
"../../../Engine/Content/Internationalization/icudt64l/lang/nb.res" 1176
"../../../Engine/Content/Internationalization/icudt64l/lang/nb_NO.res" 1177
"../../../Engine/Content/Internationalization/icudt64l/region/nb_NO.res" 1178
"../../../Engine/Content/Internationalization/icudt64l/region/nb.res" 1179
"../../../Engine/Content/Internationalization/icudt64l/lang/nd.res" 1180
"../../../Engine/Content/Internationalization/icudt64l/region/nd.res" 1181
"../../../Engine/Content/Internationalization/icudt64l/lang/nds.res" 1182
"../../../Engine/Content/Internationalization/icudt64l/region/nds.res" 1183
"../../../Engine/Content/Internationalization/icudt64l/lang/ne.res" 1184
"../../../Engine/Content/Internationalization/icudt64l/region/ne.res" 1185
"../../../Engine/Content/Internationalization/icudt64l/lang/nl.res" 1186
"../../../Engine/Content/Internationalization/icudt64l/region/nl.res" 1187
"../../../Engine/Content/Internationalization/icudt64l/lang/nmg.res" 1188
"../../../Engine/Content/Internationalization/icudt64l/region/nmg.res" 1189
"../../../Engine/Content/Internationalization/icudt64l/lang/nn.res" 1190
"../../../Engine/Content/Internationalization/icudt64l/lang/nn_NO.res" 1191
"../../../Engine/Content/Internationalization/icudt64l/region/nn_NO.res" 1192
"../../../Engine/Content/Internationalization/icudt64l/region/nn.res" 1193
"../../../Engine/Content/Internationalization/icudt64l/lang/nnh.res" 1194
"../../../Engine/Content/Internationalization/icudt64l/region/nnh.res" 1195
"../../../Engine/Content/Internationalization/icudt64l/lang/nus.res" 1196
"../../../Engine/Content/Internationalization/icudt64l/region/nus.res" 1197
"../../../Engine/Content/Internationalization/icudt64l/lang/nyn.res" 1198
"../../../Engine/Content/Internationalization/icudt64l/region/nyn.res" 1199
"../../../Engine/Content/Internationalization/icudt64l/lang/om.res" 1200
"../../../Engine/Content/Internationalization/icudt64l/region/om.res" 1201
"../../../Engine/Content/Internationalization/icudt64l/lang/or.res" 1202
"../../../Engine/Content/Internationalization/icudt64l/region/or.res" 1203
"../../../Engine/Content/Internationalization/icudt64l/lang/os.res" 1204
"../../../Engine/Content/Internationalization/icudt64l/region/os.res" 1205
"../../../Engine/Content/Internationalization/icudt64l/lang/pa.res" 1206
"../../../Engine/Content/Internationalization/icudt64l/lang/pa_Arab.res" 1207
"../../../Engine/Content/Internationalization/icudt64l/lang/pa_PK.res" 1208
"../../../Engine/Content/Internationalization/icudt64l/lang/pa_Arab_PK.res" 1209
"../../../Engine/Content/Internationalization/icudt64l/region/pa_PK.res" 1210
"../../../Engine/Content/Internationalization/icudt64l/region/pa_Arab_PK.res" 1211
"../../../Engine/Content/Internationalization/icudt64l/region/pa_Arab.res" 1212
"../../../Engine/Content/Internationalization/icudt64l/lang/pa_Guru.res" 1213
"../../../Engine/Content/Internationalization/icudt64l/lang/pa_IN.res" 1214
"../../../Engine/Content/Internationalization/icudt64l/lang/pa_Guru_IN.res" 1215
"../../../Engine/Content/Internationalization/icudt64l/region/pa_IN.res" 1216
"../../../Engine/Content/Internationalization/icudt64l/region/pa_Guru_IN.res" 1217
"../../../Engine/Content/Internationalization/icudt64l/region/pa_Guru.res" 1218
"../../../Engine/Content/Internationalization/icudt64l/region/pa.res" 1219
"../../../Engine/Content/Internationalization/icudt64l/lang/pl.res" 1220
"../../../Engine/Content/Internationalization/icudt64l/region/pl.res" 1221
"../../../Engine/Content/Internationalization/icudt64l/lang/ps.res" 1222
"../../../Engine/Content/Internationalization/icudt64l/region/ps.res" 1223
"../../../Engine/Content/Internationalization/icudt64l/lang/ps_PK.res" 1224
"../../../Engine/Content/Internationalization/icudt64l/region/ps_PK.res" 1225
"../../../Engine/Content/Internationalization/icudt64l/lang/pt.res" 1226
"../../../Engine/Content/Internationalization/icudt64l/lang/pt_AO.res" 1227
"../../../Engine/Content/Internationalization/icudt64l/lang/pt_PT.res" 1228
"../../../Engine/Content/Internationalization/icudt64l/region/pt_AO.res" 1229
"../../../Engine/Content/Internationalization/icudt64l/region/pt_PT.res" 1230
"../../../Engine/Content/Internationalization/icudt64l/region/pt.res" 1231
"../../../Engine/Content/Internationalization/icudt64l/lang/pt_CH.res" 1232
"../../../Engine/Content/Internationalization/icudt64l/region/pt_CH.res" 1233
"../../../Engine/Content/Internationalization/icudt64l/lang/pt_CV.res" 1234
"../../../Engine/Content/Internationalization/icudt64l/region/pt_CV.res" 1235
"../../../Engine/Content/Internationalization/icudt64l/lang/pt_GQ.res" 1236
"../../../Engine/Content/Internationalization/icudt64l/region/pt_GQ.res" 1237
"../../../Engine/Content/Internationalization/icudt64l/lang/pt_GW.res" 1238
"../../../Engine/Content/Internationalization/icudt64l/region/pt_GW.res" 1239
"../../../Engine/Content/Internationalization/icudt64l/lang/pt_LU.res" 1240
"../../../Engine/Content/Internationalization/icudt64l/region/pt_LU.res" 1241
"../../../Engine/Content/Internationalization/icudt64l/lang/pt_MO.res" 1242
"../../../Engine/Content/Internationalization/icudt64l/region/pt_MO.res" 1243
"../../../Engine/Content/Internationalization/icudt64l/lang/pt_MZ.res" 1244
"../../../Engine/Content/Internationalization/icudt64l/region/pt_MZ.res" 1245
"../../../Engine/Content/Internationalization/icudt64l/lang/pt_ST.res" 1246
"../../../Engine/Content/Internationalization/icudt64l/region/pt_ST.res" 1247
"../../../Engine/Content/Internationalization/icudt64l/lang/pt_TL.res" 1248
"../../../Engine/Content/Internationalization/icudt64l/region/pt_TL.res" 1249
"../../../Engine/Content/Internationalization/icudt64l/lang/qu.res" 1250
"../../../Engine/Content/Internationalization/icudt64l/region/qu.res" 1251
"../../../Engine/Content/Internationalization/icudt64l/lang/rm.res" 1252
"../../../Engine/Content/Internationalization/icudt64l/region/rm.res" 1253
"../../../Engine/Content/Internationalization/icudt64l/lang/rn.res" 1254
"../../../Engine/Content/Internationalization/icudt64l/region/rn.res" 1255
"../../../Engine/Content/Internationalization/icudt64l/lang/ro.res" 1256
"../../../Engine/Content/Internationalization/icudt64l/lang/ro_MD.res" 1257
"../../../Engine/Content/Internationalization/icudt64l/region/ro_MD.res" 1258
"../../../Engine/Content/Internationalization/icudt64l/region/ro.res" 1259
"../../../Engine/Content/Internationalization/icudt64l/lang/rof.res" 1260
"../../../Engine/Content/Internationalization/icudt64l/region/rof.res" 1261
"../../../Engine/Content/Internationalization/icudt64l/lang/ru.res" 1262
"../../../Engine/Content/Internationalization/icudt64l/region/ru.res" 1263
"../../../Engine/Content/Internationalization/icudt64l/region/ru_UA.res" 1264
"../../../Engine/Content/Internationalization/icudt64l/lang/rw.res" 1265
"../../../Engine/Content/Internationalization/icudt64l/region/rw.res" 1266
"../../../Engine/Content/Internationalization/icudt64l/lang/rwk.res" 1267
"../../../Engine/Content/Internationalization/icudt64l/region/rwk.res" 1268
"../../../Engine/Content/Internationalization/icudt64l/lang/sah.res" 1269
"../../../Engine/Content/Internationalization/icudt64l/region/sah.res" 1270
"../../../Engine/Content/Internationalization/icudt64l/lang/saq.res" 1271
"../../../Engine/Content/Internationalization/icudt64l/region/saq.res" 1272
"../../../Engine/Content/Internationalization/icudt64l/lang/sbp.res" 1273
"../../../Engine/Content/Internationalization/icudt64l/region/sbp.res" 1274
"../../../Engine/Content/Internationalization/icudt64l/lang/sd.res" 1275
"../../../Engine/Content/Internationalization/icudt64l/region/sd.res" 1276
"../../../Engine/Content/Internationalization/icudt64l/lang/se.res" 1277
"../../../Engine/Content/Internationalization/icudt64l/lang/se_FI.res" 1278
"../../../Engine/Content/Internationalization/icudt64l/region/se_FI.res" 1279
"../../../Engine/Content/Internationalization/icudt64l/region/se.res" 1280
"../../../Engine/Content/Internationalization/icudt64l/lang/seh.res" 1281
"../../../Engine/Content/Internationalization/icudt64l/region/seh.res" 1282
"../../../Engine/Content/Internationalization/icudt64l/lang/ses.res" 1283
"../../../Engine/Content/Internationalization/icudt64l/region/ses.res" 1284
"../../../Engine/Content/Internationalization/icudt64l/lang/sg.res" 1285
"../../../Engine/Content/Internationalization/icudt64l/region/sg.res" 1286
"../../../Engine/Content/Internationalization/icudt64l/lang/shi.res" 1287
"../../../Engine/Content/Internationalization/icudt64l/lang/shi_Latn.res" 1288
"../../../Engine/Content/Internationalization/icudt64l/lang/shi_MA.res" 1289
"../../../Engine/Content/Internationalization/icudt64l/lang/shi_Tfng_MA.res" 1290
"../../../Engine/Content/Internationalization/icudt64l/lang/shi_Tfng.res" 1291
"../../../Engine/Content/Internationalization/icudt64l/region/shi_MA.res" 1292
"../../../Engine/Content/Internationalization/icudt64l/region/shi_Tfng_MA.res" 1293
"../../../Engine/Content/Internationalization/icudt64l/region/shi_Tfng.res" 1294
"../../../Engine/Content/Internationalization/icudt64l/region/shi.res" 1295
"../../../Engine/Content/Internationalization/icudt64l/region/shi_Latn.res" 1296
"../../../Engine/Content/Internationalization/icudt64l/lang/si.res" 1297
"../../../Engine/Content/Internationalization/icudt64l/region/si.res" 1298
"../../../Engine/Content/Internationalization/icudt64l/lang/sk.res" 1299
"../../../Engine/Content/Internationalization/icudt64l/region/sk.res" 1300
"../../../Engine/Content/Internationalization/icudt64l/lang/sl.res" 1301
"../../../Engine/Content/Internationalization/icudt64l/region/sl.res" 1302
"../../../Engine/Content/Internationalization/icudt64l/lang/smn.res" 1303
"../../../Engine/Content/Internationalization/icudt64l/region/smn.res" 1304
"../../../Engine/Content/Internationalization/icudt64l/lang/sn.res" 1305
"../../../Engine/Content/Internationalization/icudt64l/region/sn.res" 1306
"../../../Engine/Content/Internationalization/icudt64l/lang/so.res" 1307
"../../../Engine/Content/Internationalization/icudt64l/region/so.res" 1308
"../../../Engine/Content/Internationalization/icudt64l/lang/sq.res" 1309
"../../../Engine/Content/Internationalization/icudt64l/region/sq.res" 1310
"../../../Engine/Content/Internationalization/icudt64l/lang/sr.res" 1311
"../../../Engine/Content/Internationalization/icudt64l/lang/sr_Cyrl.res" 1312
"../../../Engine/Content/Internationalization/icudt64l/lang/sr_BA.res" 1313
"../../../Engine/Content/Internationalization/icudt64l/lang/sr_Cyrl_BA.res" 1314
"../../../Engine/Content/Internationalization/icudt64l/region/sr_BA.res" 1315
"../../../Engine/Content/Internationalization/icudt64l/region/sr_Cyrl_BA.res" 1316
"../../../Engine/Content/Internationalization/icudt64l/region/sr_Cyrl.res" 1317
"../../../Engine/Content/Internationalization/icudt64l/region/sr.res" 1318
"../../../Engine/Content/Internationalization/icudt64l/lang/sr_ME.res" 1319
"../../../Engine/Content/Internationalization/icudt64l/lang/sr_Latn_ME.res" 1320
"../../../Engine/Content/Internationalization/icudt64l/lang/sr_Latn.res" 1321
"../../../Engine/Content/Internationalization/icudt64l/region/sr_ME.res" 1322
"../../../Engine/Content/Internationalization/icudt64l/region/sr_Latn_ME.res" 1323
"../../../Engine/Content/Internationalization/icudt64l/region/sr_Latn.res" 1324
"../../../Engine/Content/Internationalization/icudt64l/lang/sr_Cyrl_ME.res" 1325
"../../../Engine/Content/Internationalization/icudt64l/region/sr_Cyrl_ME.res" 1326
"../../../Engine/Content/Internationalization/icudt64l/lang/sr_RS.res" 1327
"../../../Engine/Content/Internationalization/icudt64l/lang/sr_Cyrl_RS.res" 1328
"../../../Engine/Content/Internationalization/icudt64l/region/sr_RS.res" 1329
"../../../Engine/Content/Internationalization/icudt64l/region/sr_Cyrl_RS.res" 1330
"../../../Engine/Content/Internationalization/icudt64l/lang/sr_XK.res" 1331
"../../../Engine/Content/Internationalization/icudt64l/lang/sr_Cyrl_XK.res" 1332
"../../../Engine/Content/Internationalization/icudt64l/region/sr_XK.res" 1333
"../../../Engine/Content/Internationalization/icudt64l/region/sr_Cyrl_XK.res" 1334
"../../../Engine/Content/Internationalization/icudt64l/lang/sr_Latn_BA.res" 1335
"../../../Engine/Content/Internationalization/icudt64l/region/sr_Latn_BA.res" 1336
"../../../Engine/Content/Internationalization/icudt64l/lang/sr_Latn_RS.res" 1337
"../../../Engine/Content/Internationalization/icudt64l/region/sr_Latn_RS.res" 1338
"../../../Engine/Content/Internationalization/icudt64l/lang/sr_Latn_XK.res" 1339
"../../../Engine/Content/Internationalization/icudt64l/region/sr_Latn_XK.res" 1340
"../../../Engine/Content/Internationalization/icudt64l/lang/sv.res" 1341
"../../../Engine/Content/Internationalization/icudt64l/region/sv.res" 1342
"../../../Engine/Content/Internationalization/icudt64l/lang/sv_FI.res" 1343
"../../../Engine/Content/Internationalization/icudt64l/lang/sw.res" 1344
"../../../Engine/Content/Internationalization/icudt64l/lang/sw_CD.res" 1345
"../../../Engine/Content/Internationalization/icudt64l/region/sw_CD.res" 1346
"../../../Engine/Content/Internationalization/icudt64l/region/sw.res" 1347
"../../../Engine/Content/Internationalization/icudt64l/lang/sw_KE.res" 1348
"../../../Engine/Content/Internationalization/icudt64l/region/sw_KE.res" 1349
"../../../Engine/Content/Internationalization/icudt64l/lang/ta.res" 1350
"../../../Engine/Content/Internationalization/icudt64l/region/ta.res" 1351
"../../../Engine/Content/Internationalization/icudt64l/lang/te.res" 1352
"../../../Engine/Content/Internationalization/icudt64l/region/te.res" 1353
"../../../Engine/Content/Internationalization/icudt64l/lang/teo.res" 1354
"../../../Engine/Content/Internationalization/icudt64l/region/teo.res" 1355
"../../../Engine/Content/Internationalization/icudt64l/lang/tg.res" 1356
"../../../Engine/Content/Internationalization/icudt64l/region/tg.res" 1357
"../../../Engine/Content/Internationalization/icudt64l/lang/th.res" 1358
"../../../Engine/Content/Internationalization/icudt64l/lang/th_TH.res" 1359
"../../../Engine/Content/Internationalization/icudt64l/region/th_TH.res" 1360
"../../../Engine/Content/Internationalization/icudt64l/region/th.res" 1361
"../../../Engine/Content/Internationalization/icudt64l/lang/ti.res" 1362
"../../../Engine/Content/Internationalization/icudt64l/region/ti.res" 1363
"../../../Engine/Content/Internationalization/icudt64l/lang/tk.res" 1364
"../../../Engine/Content/Internationalization/icudt64l/region/tk.res" 1365
"../../../Engine/Content/Internationalization/icudt64l/lang/to.res" 1366
"../../../Engine/Content/Internationalization/icudt64l/region/to.res" 1367
"../../../Engine/Content/Internationalization/icudt64l/lang/tr.res" 1368
"../../../Engine/Content/Internationalization/icudt64l/region/tr.res" 1369
"../../../Engine/Content/Internationalization/icudt64l/lang/tt.res" 1370
"../../../Engine/Content/Internationalization/icudt64l/region/tt.res" 1371
"../../../Engine/Content/Internationalization/icudt64l/lang/twq.res" 1372
"../../../Engine/Content/Internationalization/icudt64l/region/twq.res" 1373
"../../../Engine/Content/Internationalization/icudt64l/lang/tzm.res" 1374
"../../../Engine/Content/Internationalization/icudt64l/region/tzm.res" 1375
"../../../Engine/Content/Internationalization/icudt64l/lang/ug.res" 1376
"../../../Engine/Content/Internationalization/icudt64l/region/ug.res" 1377
"../../../Engine/Content/Internationalization/icudt64l/lang/uk.res" 1378
"../../../Engine/Content/Internationalization/icudt64l/region/uk.res" 1379
"../../../Engine/Content/Internationalization/icudt64l/lang/ur.res" 1380
"../../../Engine/Content/Internationalization/icudt64l/lang/ur_IN.res" 1381
"../../../Engine/Content/Internationalization/icudt64l/region/ur_IN.res" 1382
"../../../Engine/Content/Internationalization/icudt64l/region/ur.res" 1383
"../../../Engine/Content/Internationalization/icudt64l/lang/uz.res" 1384
"../../../Engine/Content/Internationalization/icudt64l/lang/uz_Arab.res" 1385
"../../../Engine/Content/Internationalization/icudt64l/lang/uz_AF.res" 1386
"../../../Engine/Content/Internationalization/icudt64l/lang/uz_Arab_AF.res" 1387
"../../../Engine/Content/Internationalization/icudt64l/region/uz_AF.res" 1388
"../../../Engine/Content/Internationalization/icudt64l/region/uz_Arab_AF.res" 1389
"../../../Engine/Content/Internationalization/icudt64l/region/uz_Arab.res" 1390
"../../../Engine/Content/Internationalization/icudt64l/lang/uz_Cyrl.res" 1391
"../../../Engine/Content/Internationalization/icudt64l/lang/uz_UZ.res" 1392
"../../../Engine/Content/Internationalization/icudt64l/lang/uz_Latn_UZ.res" 1393
"../../../Engine/Content/Internationalization/icudt64l/lang/uz_Latn.res" 1394
"../../../Engine/Content/Internationalization/icudt64l/region/uz_UZ.res" 1395
"../../../Engine/Content/Internationalization/icudt64l/region/uz_Latn_UZ.res" 1396
"../../../Engine/Content/Internationalization/icudt64l/region/uz_Latn.res" 1397
"../../../Engine/Content/Internationalization/icudt64l/region/uz.res" 1398
"../../../Engine/Content/Internationalization/icudt64l/region/uz_Cyrl.res" 1399
"../../../Engine/Content/Internationalization/icudt64l/lang/vai.res" 1400
"../../../Engine/Content/Internationalization/icudt64l/lang/vai_Latn.res" 1401
"../../../Engine/Content/Internationalization/icudt64l/lang/vai_LR.res" 1402
"../../../Engine/Content/Internationalization/icudt64l/lang/vai_Vaii_LR.res" 1403
"../../../Engine/Content/Internationalization/icudt64l/lang/vai_Vaii.res" 1404
"../../../Engine/Content/Internationalization/icudt64l/region/vai_LR.res" 1405
"../../../Engine/Content/Internationalization/icudt64l/region/vai_Vaii_LR.res" 1406
"../../../Engine/Content/Internationalization/icudt64l/region/vai_Vaii.res" 1407
"../../../Engine/Content/Internationalization/icudt64l/region/vai.res" 1408
"../../../Engine/Content/Internationalization/icudt64l/region/vai_Latn.res" 1409
"../../../Engine/Content/Internationalization/icudt64l/lang/vi.res" 1410
"../../../Engine/Content/Internationalization/icudt64l/region/vi.res" 1411
"../../../Engine/Content/Internationalization/icudt64l/lang/vun.res" 1412
"../../../Engine/Content/Internationalization/icudt64l/region/vun.res" 1413
"../../../Engine/Content/Internationalization/icudt64l/lang/wae.res" 1414
"../../../Engine/Content/Internationalization/icudt64l/region/wae.res" 1415
"../../../Engine/Content/Internationalization/icudt64l/lang/wo.res" 1416
"../../../Engine/Content/Internationalization/icudt64l/region/wo.res" 1417
"../../../Engine/Content/Internationalization/icudt64l/lang/xh.res" 1418
"../../../Engine/Content/Internationalization/icudt64l/region/xh.res" 1419
"../../../Engine/Content/Internationalization/icudt64l/lang/xog.res" 1420
"../../../Engine/Content/Internationalization/icudt64l/region/xog.res" 1421
"../../../Engine/Content/Internationalization/icudt64l/lang/yav.res" 1422
"../../../Engine/Content/Internationalization/icudt64l/region/yav.res" 1423
"../../../Engine/Content/Internationalization/icudt64l/lang/yi.res" 1424
"../../../Engine/Content/Internationalization/icudt64l/region/yi.res" 1425
"../../../Engine/Content/Internationalization/icudt64l/lang/yo.res" 1426
"../../../Engine/Content/Internationalization/icudt64l/lang/yo_BJ.res" 1427
"../../../Engine/Content/Internationalization/icudt64l/region/yo_BJ.res" 1428
"../../../Engine/Content/Internationalization/icudt64l/region/yo.res" 1429
"../../../Engine/Content/Internationalization/icudt64l/lang/yue.res" 1430
"../../../Engine/Content/Internationalization/icudt64l/lang/yue_Hans.res" 1431
"../../../Engine/Content/Internationalization/icudt64l/lang/yue_CN.res" 1432
"../../../Engine/Content/Internationalization/icudt64l/lang/yue_Hans_CN.res" 1433
"../../../Engine/Content/Internationalization/icudt64l/region/yue_CN.res" 1434
"../../../Engine/Content/Internationalization/icudt64l/region/yue_Hans_CN.res" 1435
"../../../Engine/Content/Internationalization/icudt64l/region/yue_Hans.res" 1436
"../../../Engine/Content/Internationalization/icudt64l/lang/yue_Hant.res" 1437
"../../../Engine/Content/Internationalization/icudt64l/lang/yue_HK.res" 1438
"../../../Engine/Content/Internationalization/icudt64l/lang/yue_Hant_HK.res" 1439
"../../../Engine/Content/Internationalization/icudt64l/region/yue_HK.res" 1440
"../../../Engine/Content/Internationalization/icudt64l/region/yue_Hant_HK.res" 1441
"../../../Engine/Content/Internationalization/icudt64l/region/yue_Hant.res" 1442
"../../../Engine/Content/Internationalization/icudt64l/region/yue.res" 1443
"../../../Engine/Content/Internationalization/icudt64l/lang/zgh.res" 1444
"../../../Engine/Content/Internationalization/icudt64l/region/zgh.res" 1445
"../../../Engine/Content/Internationalization/icudt64l/lang/zh.res" 1446
"../../../Engine/Content/Internationalization/icudt64l/lang/zh_Hans.res" 1447
"../../../Engine/Content/Internationalization/icudt64l/lang/zh_CN.res" 1448
"../../../Engine/Content/Internationalization/icudt64l/lang/zh_Hans_CN.res" 1449
"../../../Engine/Content/Internationalization/icudt64l/region/zh_CN.res" 1450
"../../../Engine/Content/Internationalization/icudt64l/region/zh_Hans_CN.res" 1451
"../../../Engine/Content/Internationalization/icudt64l/region/zh_Hans.res" 1452
"../../../Engine/Content/Internationalization/icudt64l/region/zh.res" 1453
"../../../Engine/Content/Internationalization/icudt64l/lang/zh_HK.res" 1454
"../../../Engine/Content/Internationalization/icudt64l/lang/zh_Hant_HK.res" 1455
"../../../Engine/Content/Internationalization/icudt64l/lang/zh_Hant.res" 1456
"../../../Engine/Content/Internationalization/icudt64l/region/zh_HK.res" 1457
"../../../Engine/Content/Internationalization/icudt64l/region/zh_Hant_HK.res" 1458
"../../../Engine/Content/Internationalization/icudt64l/region/zh_Hant.res" 1459
"../../../Engine/Content/Internationalization/icudt64l/lang/zh_MO.res" 1460
"../../../Engine/Content/Internationalization/icudt64l/lang/zh_Hant_MO.res" 1461
"../../../Engine/Content/Internationalization/icudt64l/region/zh_MO.res" 1462
"../../../Engine/Content/Internationalization/icudt64l/region/zh_Hant_MO.res" 1463
"../../../Engine/Content/Internationalization/icudt64l/lang/zh_SG.res" 1464
"../../../Engine/Content/Internationalization/icudt64l/lang/zh_Hans_SG.res" 1465
"../../../Engine/Content/Internationalization/icudt64l/region/zh_SG.res" 1466
"../../../Engine/Content/Internationalization/icudt64l/region/zh_Hans_SG.res" 1467
"../../../Engine/Content/Internationalization/icudt64l/lang/zh_TW.res" 1468
"../../../Engine/Content/Internationalization/icudt64l/lang/zh_Hant_TW.res" 1469
"../../../Engine/Content/Internationalization/icudt64l/region/zh_TW.res" 1470
"../../../Engine/Content/Internationalization/icudt64l/region/zh_Hant_TW.res" 1471
"../../../Engine/Content/Internationalization/icudt64l/lang/zu.res" 1472
"../../../Engine/Content/Internationalization/icudt64l/region/zu.res" 1473
"../../../Engine/Content/Internationalization/icudt64l/lang/no.res" 1474
"../../../Engine/Content/Internationalization/icudt64l/lang/tl.res" 1475
"../../../Engine/Plugins/FX/Niagara/Shaders/Private/NiagaraSpriteVertexFactory.ush" 1476
"../../../Engine/Shaders/Private/VertexFactoryCommon.ush" 1477
"../../../Engine/Shaders/Private/Common.ush" 1478
"../../../Engine/Shaders/Public/Platform.ush" 1479
"../../../Engine/Shaders/Public/FP16Math.ush" 1480
"../../../Engine/Shaders/Public/Platform/D3D/D3DCommon.ush" 1481
"../../../Engine/Shaders/Public/ShaderVersion.ush" 1482
"../../../Engine/Shaders/Private/CommonViewUniformBuffer.ush" 1483
"../../../Engine/Shaders/Private/InstancedStereo.ush" 1484
"../../../Engine/Shaders/Private/Definitions.usf" 1485
"../../../Engine/Shaders/Private/FastMath.ush" 1486
"../../../Engine/Shaders/Private/Random.ush" 1487
"../../../Engine/Shaders/Private/ParticleVertexFactoryCommon.ush" 1488
"../../../Engine/Plugins/FX/Niagara/Shaders/Private/NiagaraVFParticleAccess.usf" 1489
"../../../Engine/Plugins/FX/Niagara/Shaders/Private/NiagaraRibbonVertexFactory.ush" 1490
"../../../Engine/Plugins/FX/Niagara/Shaders/Private/NiagaraMeshVertexFactory.ush" 1491
"../../../Engine/Plugins/FX/Niagara/Shaders/Private/NiagaraCommon.ush" 1492
"../../../Engine/Shaders/Private/RayTracing/RayTracingCommon.ush" 1493
"../../../Engine/Shaders/Private/ShadingCommon.ush" 1494
"../../../Engine/Shaders/Shared/RayTracingDefinitions.h" 1495
"../../../Engine/Shaders/Private/RayTracing/RayTracingHitGroupCommon.ush" 1496
"../../../Engine/Shaders/Shared/RayTracingBuiltInResources.h" 1497
"../../../Engine/Shaders/Private/VectorFieldVisualizationVertexFactory.ush" 1498
"../../../Engine/Shaders/Private/ParticleSpriteVertexFactory.ush" 1499
"../../../Engine/Shaders/Private/ParticleGPUSpriteVertexFactory.ush" 1500
"../../../Engine/Shaders/Private/ParticleBeamTrailVertexFactory.ush" 1501
"../../../Engine/Shaders/Private/MeshParticleVertexFactory.ush" 1502
"../../../Engine/Shaders/Private/LocalVertexFactory.ush" 1503
"../../../Engine/Shaders/Private/LocalVertexFactoryCommon.ush" 1504
"../../../Engine/Shaders/Private/LightmapData.ush" 1505
"../../../Engine/Shaders/Private/GpuSkinCommon.ush" 1506
"../../../Engine/Shaders/Private/GpuSkinVertexFactory.ush" 1507
"../../../Engine/Shaders/Private/GeometryCacheVertexFactory.ush" 1508
"../../../Engine/Shaders/Private/LandscapeVertexFactory.ush" 1509
"../../../Engine/Plugins/Media/WmfMedia/Shaders/Private/MediaHardwareVideoDecoding.usf" 1510
"../../../Engine/Shaders/Private/GammaCorrectionCommon.ush" 1511
"../../../Engine/Shaders/Private/ColorUtils.ush" 1512
"../../../Engine/Plugins/Media/ImgMedia/Shaders/Private/ExrSwizzler.usf" 1513
"../../../Engine/Plugins/FX/Niagara/Shaders/Private/NiagaraSortKeyGen.usf" 1514
"../../../Engine/Plugins/FX/Niagara/Shaders/Private/NiagaraGPURayTracingTransforms.usf" 1515
"../../../Engine/Plugins/FX/Niagara/Shaders/Private/NiagaraDrawIndirectArgsGen.usf" 1516
"../../../Engine/Plugins/FX/Niagara/Shaders/Private/NiagaraFillIntBuffer.usf" 1517
"../../../Engine/Plugins/FX/Niagara/Shaders/Private/NiagaraComputeFreeIDs.usf" 1518
"../../../Engine/Plugins/FX/Niagara/Shaders/Private/NiagaraInitFreeIDBuffer.usf" 1519
"../../../Engine/Plugins/FX/Niagara/Shaders/Private/NiagaraEmitterInstanceShader.usf" 1520
"../../../Engine/Plugins/FX/Niagara/Shaders/Private/NiagaraShaderVersion.ush" 1521
"../../../Engine/Shaders/Private/GlobalDistanceFieldShared.ush" 1522
"../../../Engine/Shaders/Private/SceneTexturesCommon.ush" 1523
"../../../Engine/Plugins/FX/Niagara/Shaders/Private/NiagaraPhysicsCommon.ush" 1524
"../../../Engine/Plugins/FX/Niagara/Shaders/Private/NiagaraDebugDraw.usf" 1525
"../../../Engine/Plugins/FX/Niagara/Shaders/Private/NiagaraDebugDraw.ush" 1526
"../../../Engine/Plugins/FX/Niagara/Shaders/Private/NiagaraVisualizeTexture.usf" 1527
"../../../Engine/Plugins/FX/Niagara/Shaders/Private/NiagaraBatchedElements.usf" 1528
"../../../Engine/Plugins/Compositing/OpenColorIO/Shaders/Private/OpenColorIOShader.usf" 1529
"../../../Engine/Plugins/Compositing/OpenColorIO/Shaders/Private/OpenColorIOBaseVS.usf" 1530
"../../../Engine/Shaders/Private/SlateElementPixelShader.usf" 1531
"../../../Engine/Shaders/Private/SlateShaderCommon.ush" 1532
"../../../Engine/Shaders/Private/MaterialTemplate.ush" 1533
"../../../Engine/Shaders/Private/EyeAdaptationCommon.ush" 1534
"../../../Engine/Shaders/Private/SobolRandom.ush" 1535
"../../../Engine/Shaders/Private/MonteCarlo.ush" 1536
"../../../Engine/Shaders/Private/DepthOfFieldCommon.ush" 1537
"../../../Engine/Shaders/Private/CircleDOFCommon.ush" 1538
"../../../Engine/Shaders/Private/PhysicsFieldSampler.ush" 1539
"../../../Engine/Shaders/Private/PhysicsFieldShared.ush" 1540
"../../../Engine/Shaders/Private/SceneData.ush" 1541
"../../../Engine/Shaders/Private/HairShadingCommon.ush" 1542
"../../../Engine/Shaders/Private/HairStrands/HairCardsAttributeCommon.ush" 1543
"../../../Engine/Shaders/Private/HairStrands/HairStrandsVertexFactoryCommon.ush" 1544
"../../../Engine/Shaders/Private/HairStrands/HairStrandsAttributeCommon.ush" 1545
"../../../Engine/Shaders/Private/SpeedTreeCommon.ush" 1546
"../../../Engine/Shaders/Private/VirtualTextureCommon.ush" 1547
"../../../Engine/Shaders/Private/MinMaterialTexCoords.ush" 1548
"../../../Engine/Shaders/Private/AtmosphereCommon.ush" 1549
"../../../Engine/Shaders/Private/SkyAtmosphereCommon.ush" 1550
"../../../Engine/Shaders/Private/SingleLayerWaterCommon.ush" 1551
"../../../Engine/Shaders/Private/PaniniProjection.ush" 1552
"../../../Engine/Shaders/Private/DeferredShadingCommon.ush" 1553
"../../../Engine/Shaders/Private/LightAccumulator.ush" 1554
"../../../Engine/Shaders/Private/CompositeUIPixelShader.usf" 1555
"../../../Engine/Shaders/Private/TonemapCommon.ush" 1556
"../../../Engine/Shaders/Private/ACES.ush" 1557
"../../../Engine/Shaders/Private/SlateMaskingShader.usf" 1558
"../../../Engine/Shaders/Private/SlatePostProcessColorDeficiencyPixelShader.usf" 1559
"../../../Engine/Shaders/Private/ColorSpace.ush" 1560
"../../../Engine/Shaders/Private/SlatePostProcessPixelShader.usf" 1561
"../../../Engine/Shaders/Private/SlateVertexShader.usf" 1562
"../../../Engine/Shaders/Private/TranslucentLightingShaders.usf" 1563
"../../../Engine/Shaders/Private/SHCommon.ush" 1564
"../../../Engine/Shaders/Private/ShadowProjectionCommon.ush" 1565
"../../../Engine/Shaders/Private/CubemapCommon.ush" 1566
"../../../Engine/Shaders/Private/VectorFieldCompositeShaders.usf" 1567
"../../../Engine/Shaders/Private/UpdateTextureShaders.usf" 1568
"../../../Engine/Shaders/Private/StereoLayerShader.usf" 1569
"../../../Engine/Shaders/Private/MorphTargets.usf" 1570
"../../../Engine/Shaders/Private/SimpleElementColorChannelMaskPixelShader.usf" 1571
"../../../Engine/Shaders/Private/SimpleElementHitProxyPixelShader.usf" 1572
"../../../Engine/Shaders/Private/SimpleElementPixelShader.usf" 1573
"../../../Engine/Shaders/Private/IESLightProfilesCommon.ush" 1574
"../../../Engine/Shaders/Private/SimpleElementVertexShader.usf" 1575
"../../../Engine/Shaders/Private/ScreenPixelShaderOES.usf" 1576
"../../../Engine/Shaders/Private/ScreenVertexShader.usf" 1577
"../../../Engine/Shaders/Private/ScreenPixelShader.usf" 1578
"../../../Engine/Shaders/Private/VolumetricLightmapStreaming.usf" 1579
"../../../Engine/Shaders/Private/PhysicsFieldReset.usf" 1580
"../../../Engine/Shaders/Private/PhysicsFieldBuilder.usf" 1581
"../../../Engine/Shaders/Private/ParticleSortKeyGen.usf" 1582
"../../../Engine/Shaders/Private/ParticleBoundsShader.usf" 1583
"../../../Engine/Shaders/Private/ParticleSimVisualizeShader.usf" 1584
"../../../Engine/Shaders/Private/ParticleInjectionShader.usf" 1585
"../../../Engine/Shaders/Private/ParticleSimulationShader.usf" 1586
"../../../Engine/Shaders/Private/ParticleCurveInjectionShader.usf" 1587
"../../../Engine/Shaders/Private/CopyUIntBuffer.usf" 1588
"../../../Engine/Shaders/Private/RadixSortShaders.usf" 1589
"../../../Engine/Shaders/Private/RecomputeTangentsPerVertexPass.usf" 1590
"../../../Engine/Shaders/Private/RecomputeTangentsCommon.ush" 1591
"../../../Engine/Shaders/Private/RecomputeTangentsPerTrianglePass.usf" 1592
"../../../Engine/Shaders/Private/GpuSkinCacheComputeShader.usf" 1593
"../../../Engine/Shaders/Private/DistanceFieldDownsampling.usf" 1594
"../../../Engine/Shaders/Private/HeightFieldAtlasManagement.usf" 1595
"../../../Engine/Shaders/Private/LandscapePhysicalMaterial.usf" 1596
"../../../Engine/Shaders/Private/LandscapeGrassWeight.usf" 1597
"../../../Engine/Shaders/Private/LandscapeLayersCS.usf" 1598
"../../../Engine/Shaders/Private/LandscapeLayersPS.usf" 1599
"../../../Engine/Shaders/Private/LandscapeLayersVS.usf" 1600
"../../../Engine/Shaders/Private/WideCustomResolveShaders.usf" 1601
"../../../Engine/Shaders/Private/WideCustomResolve_Wide.ush" 1602
"../../../Engine/Shaders/Private/WideCustomResolve_Wider.ush" 1603
"../../../Engine/Shaders/Private/WideCustomResolve_Widest.ush" 1604
"../../../Engine/Shaders/Private/PageTableUpdate.usf" 1605
"../../../Engine/Shaders/Private/VirtualTextureCompress.usf" 1606
"../../../Engine/Shaders/Private/BCCompressionCommon.ush" 1607
"../../../Engine/Shaders/Private/ETCCompressionCommon.ush" 1608
"../../../Engine/Shaders/Private/VirtualTextureMaterial.usf" 1609
"../../../Engine/Shaders/Private/PixelShaderOutputCommon.ush" 1610
"../../../Engine/Shaders/Private/VolumetricRenderTarget.usf" 1611
"../../../Engine/Shaders/Private/SceneTextureParameters.ush" 1612
"../../../Engine/Shaders/Private/VolumetricFogVoxelization.usf" 1613
"../../../Engine/Shaders/Private/VolumetricCloudMaterialPixelCommon.ush" 1614
"../../../Engine/Shaders/Private/VolumetricFogLightFunction.usf" 1615
"../../../Engine/Shaders/Private/LightFunctionCommon.ush" 1616
"../../../Engine/Shaders/Private/VolumetricFog.usf" 1617
"../../../Engine/Shaders/Private/DeferredLightingCommon.ush" 1618
"../../../Engine/Shaders/Private/DynamicLightingCommon.ush" 1619
"../../../Engine/Shaders/Private/CapsuleLightIntegrate.ush" 1620
"../../../Engine/Shaders/Private/ShadingModels.ush" 1621
"../../../Engine/Shaders/Private/BRDF.ush" 1622
"../../../Engine/Shaders/Private/CapsuleLight.ush" 1623
"../../../Engine/Shaders/Private/RectLight.ush" 1624
"../../../Engine/Shaders/Private/TransmissionCommon.ush" 1625
"../../../Engine/Shaders/Private/SubsurfaceProfileCommon.ush" 1626
"../../../Engine/Shaders/Private/BurleyNormalizedSSSCommon.ush" 1627
"../../../Engine/Shaders/Private/HairBsdf.ush" 1628
"../../../Engine/Shaders/Private/CapsuleLightSampling.ush" 1629
"../../../Engine/Shaders/Private/RectLightIntegrate.ush" 1630
"../../../Engine/Shaders/Private/LightGridCommon.ush" 1631
"../../../Engine/Shaders/Private/HeightFogCommon.ush" 1632
"../../../Engine/Shaders/Private/DistanceFieldAOShared.ush" 1633
"../../../Engine/Shaders/Private/VolumeLightingCommon.ush" 1634
"../../../Engine/Shaders/Private/ShadowFilteringCommon.ush" 1635
"../../../Engine/Shaders/Private/PixelQuadMessagePassing.ush" 1636
"../../../Engine/Shaders/Private/VolumeLightingCommonSampling.ush" 1637
"../../../Engine/Shaders/Private/VolumetricLightmapShared.ush" 1638
"../../../Engine/Shaders/Private/ForwardShadowingCommon.ush" 1639
"../../../Engine/Shaders/Private/ParticipatingMediaCommon.ush" 1640
"../../../Engine/Shaders/Private/VolumetricCloudCommon.ush" 1641
"../../../Engine/Shaders/Private/VolumetricCloud.usf" 1642
"../../../Engine/Shaders/Private/ReflectionEnvironmentShared.ush" 1643
"../../../Engine/Shaders/Private/ShaderDrawDebug.ush" 1644
"../../../Engine/Shaders/Private/VisualizeVolumetricLightmap.usf" 1645
"../../../Engine/Shaders/Private/ViewMode/LODColorationPixelShader.usf" 1646
"../../../Engine/Shaders/Private/DebugViewModeCommon.ush" 1647
"../../../Engine/Shaders/Private/VelocityShader.usf" 1648
"../../../Engine/Shaders/Private/VelocityCommon.ush" 1649
"../../../Engine/Shaders/Private/Tessellation.ush" 1650
"../../../Engine/Shaders/Private/FlatTessellation.ush" 1651
"../../../Engine/Shaders/Private/PNTriangles.ush" 1652
"../../../Engine/Shaders/Private/VariableRateShading.usf" 1653
"../../../Engine/Shaders/Private/TranslucencyUpsampling.usf" 1654
"../../../Engine/Shaders/Private/SeparateTranslucency.ush" 1655
"../../../Engine/Shaders/Private/TranslucentLightInjectionShaders.usf" 1656
"../../../Engine/Shaders/Private/TranslucentShadowDepthShaders.usf" 1657
"../../../Engine/Shaders/Private/ShadowDepthCommon.ush" 1658
"../../../Engine/Shaders/Private/TiledDeferredLightShaders.usf" 1659
"../../../Engine/Shaders/Private/RayTracing/RayTracingTest.usf" 1660
"../../../Engine/Shaders/Private/SkyAtmosphere.usf" 1661
"../../../Engine/Shaders/Private/MiniFontCommon.ush" 1662
"../../../Engine/Shaders/Private/SingleLayerWaterComposite.usf" 1663
"../../../Engine/Shaders/Private/ReflectionEnvironmentComposite.ush" 1664
"../../../Engine/Shaders/Private/ShadowProjectionPixelShader.usf" 1665
"../../../Engine/Shaders/Private/ShadowPercentageCloserFiltering.ush" 1666
"../../../Engine/Shaders/Private/TransmissionThickness.ush" 1667
"../../../Engine/Shaders/Private/HairStrands/HairStrandsVisibilityCommon.ush" 1668
"../../../Engine/Shaders/Private/HairStrands/HairStrandsVisibilityCommonStruct.ush" 1669
"../../../Engine/Shaders/Private/ShadowProjectionVertexShader.usf" 1670
"../../../Engine/Shaders/Private/CopyShadowMaps.usf" 1671
"../../../Engine/Shaders/Private/ShadowDepthPixelShader.usf" 1672
"../../../Engine/Shaders/Private/LPVListEntry.ush" 1673
"../../../Engine/Shaders/Private/LPVWriteVplCommon.ush" 1674
"../../../Engine/Shaders/Private/LPVWriteCommon.ush" 1675
"../../../Engine/Shaders/Private/LPVCommon.ush" 1676
"../../../Engine/Shaders/Private/ShadowDepthVertexShader.usf" 1677
"../../../Engine/Shaders/Private/ShaderPrintDraw.usf" 1678
"../../../Engine/Shaders/Private/ShaderPrintCommon.ush" 1679
"../../../Engine/Shaders/Private/ShaderComplexityAccumulatePixelShader.usf" 1680
"../../../Engine/Shaders/Private/QuadOverdraw.ush" 1681
"../../../Engine/Shaders/Private/SSRT/SSRTDiffuseIndirect.usf" 1682
"../../../Engine/Shaders/Private/SSRT/SSRTRayCast.ush" 1683
"../../../Engine/Shaders/Private/SSRT/SSRTTileClassificationBuffer.ush" 1684
"../../../Engine/Shaders/Private/SSRT/SSRTReflections.usf" 1685
"../../../Engine/Shaders/Private/ScreenSpaceDenoise/SSDPublic.ush" 1686
"../../../Engine/Shaders/Private/SSRT/SSRTTileClassification.usf" 1687
"../../../Engine/Shaders/Private/SSRT/SSRTPrevFrameReduction.usf" 1688
"../../../Engine/Shaders/Private/ScreenSpaceDenoise/SSDComposeHarmonics.usf" 1689
"../../../Engine/Shaders/Private/ScreenSpaceDenoise/SSDDefinitions.ush" 1690
"../../../Engine/Shaders/Private/ScreenSpaceDenoise/SSDPublicHarmonics.ush" 1691
"../../../Engine/Shaders/Private/LightShaderParameters.ush" 1692
"../../../Engine/Shaders/Private/ScreenSpaceDenoise/SSDSignalFramework.ush" 1693
"../../../Engine/Shaders/Private/ScreenSpaceDenoise/SSDCommon.ush" 1694
"../../../Engine/Shaders/Private/SphericalGaussian.ush" 1695
"../../../Engine/Shaders/Public/WaveBroadcastIntrinsics.ush" 1696
"../../../Engine/Shaders/Private/ScreenSpaceDenoise/SSDMetadata.ush" 1697
"../../../Engine/Shaders/Private/ScreenSpaceDenoise/SSDSignalCore.ush" 1698
"../../../Engine/Shaders/Private/QuasiRandom.ush" 1699
"../../../Engine/Shaders/Private/BlueNoise.ush" 1700
"../../../Engine/Shaders/Private/Halton.ush" 1701
"../../../Engine/Shaders/Private/MortonCode.ush" 1702
"../../../Engine/Shaders/Private/ScreenSpaceDenoise/SSDSignalArray.ush" 1703
"../../../Engine/Shaders/Private/ScreenSpaceDenoise/SSDSignalBufferEncoding.ush" 1704
"../../../Engine/Shaders/Private/ScreenSpaceDenoise/SSDPublicBufferEncoding.ush" 1705
"../../../Engine/Shaders/Private/ScreenSpaceDenoise/SSDTemporalAccumulation.usf" 1706
"../../../Engine/Shaders/Private/ScreenSpaceDenoise/SSDSpatialKernel.ush" 1707
"../../../Engine/Shaders/Private/ScreenSpaceDenoise/SSDSignalAccumulatorArray.ush" 1708
"../../../Engine/Shaders/Private/ScreenSpaceDenoise/SSDSignalAccumulator.ush" 1709
"../../../Engine/Shaders/Private/ScreenSpaceDenoise/SSDSignalCompression.ush" 1710
"../../../Engine/Shaders/Private/TextureSampling.ush" 1711
"../../../Engine/Shaders/Private/ScreenSpaceDenoise/SSDSpatialAccumulation.usf" 1712
"../../../Engine/Shaders/Private/ScreenSpaceDenoise/SSDInjest.usf" 1713
"../../../Engine/Shaders/Private/ScreenSpaceDenoise/SSDCompressMetadata.usf" 1714
"../../../Engine/Shaders/Private/DownsampleDepthPixelShader.usf" 1715
"../../../Engine/Shaders/Private/ScreenPass.usf" 1716
"../../../Engine/Shaders/Private/HZB.usf" 1717
"../../../Engine/Shaders/Private/ReductionCommon.ush" 1718
"../../../Engine/Shaders/Private/HZBOcclusion.usf" 1719
"../../../Engine/Shaders/Private/OcclusionQueryPixelShader.usf" 1720
"../../../Engine/Shaders/Private/OcclusionQueryVertexShader.usf" 1721
"../../../Engine/Shaders/Private/HitProxyPixelShader.usf" 1722
"../../../Engine/Shaders/Private/HitProxyVertexShader.usf" 1723
"../../../Engine/Shaders/Private/ODSCapture.usf" 1724
"../../../Engine/Shaders/Private/SceneCapturePixelShader.usf" 1725
"../../../Engine/Shaders/Private/RequiredTextureResolutionPixelShader.usf" 1726
"../../../Engine/Shaders/Private/RTWriteMaskDecode.usf" 1727
"../../../Engine/Shaders/Private/ReflectionEnvironmentShaders.usf" 1728
"../../../Engine/Shaders/Private/SkyLightingShared.ush" 1729
"../../../Engine/Shaders/Private/RayTracing/VisualizeSkyLightMipTreePS.usf" 1730
"../../../Engine/Shaders/Private/RayTracing/MipTreeCommon.ush" 1731
"../../../Engine/Shaders/Private/RayTracing/CompositeSkyLightPS.usf" 1732
"../../../Engine/Shaders/Private/RayTracing/GenerateSkyLightVisibilityRaysCS.usf" 1733
"../../../Engine/Shaders/Private/RayTracing/RayTracingSkyLightCommon.ush" 1734
"../../../Engine/Shaders/Private/RayTracing/SkyLightVisibilityRaysData.ush" 1735
"../../../Engine/Shaders/Private/PathTracing/Utilities/PathTracingRandomSequence.ush" 1736
"../../../Engine/Shaders/Private/Raytracing/RaytracingSkylightRGS.usf" 1737
"../../../Engine/Shaders/Private/HairStrands/HairStrandsVoxelPageCommonStruct.ush" 1738
"../../../Engine/Shaders/Private/HairStrands/HairStrandsRaytracing.ush" 1739
"../../../Engine/Shaders/Private/HairStrands/HairStrandsVoxelPageCommon.ush" 1740
"../../../Engine/Shaders/Private/HairStrands/HairStrandsVoxelPageTraversal.ush" 1741
"../../../Engine/Shaders/Private/Raytracing/RayTracingSkyLightEvaluation.ush" 1742
"../../../Engine/Shaders/Private/Raytracing/RayTracingDeferredShadingCommon.ush" 1743
"../../../Engine/Shaders/Private/RayTracing/RayTracingOcclusionRGS.usf" 1744
"../../../Engine/Shaders/Private/RayTracing/RayTracingDirectionalLight.ush" 1745
"../../../Engine/Shaders/Private/RayTracing/RayTracingRectLight.ush" 1746
"../../../Engine/Shaders/Private/RayTracing/RayTracingSphereLight.ush" 1747
"../../../Engine/Shaders/Private/RayTracing/RayTracingSpotLight.ush" 1748
"../../../Engine/Shaders/Private/RayTracing/RayTracingDiskLight.ush" 1749
"../../../Engine/Shaders/Private/RayTracing/RayTracingPointLight.ush" 1750
"../../../Engine/Shaders/Private/RayTracing/SplitImaginaryReflectionGBufferCS.usf" 1751
"../../../Engine/Shaders/Private/RayTracing/RayTracingReflectionsCommon.ush" 1752
"../../../Engine/Shaders/Private/RayTracing/RayTracingReflections.usf" 1753
"../../../Engine/Shaders/Private/RayTracing/RayTracingLightingCommon.ush" 1754
"../../../Engine/Shaders/Private/RayTracing/RayTracingLightCullingCommon.ush" 1755
"../../../Engine/Shaders/Private/RayTracing/RayTracingReflectionEnvironment.ush" 1756
"../../../Engine/Shaders/Private/RayTracing/RayTracingPrimaryRays.usf" 1757
"../../../Engine/Shaders/Private/RayTracing/RayTracingMaterialDefaultHitShaders.usf" 1758
"../../../Engine/Shaders/Private/RayTracing/RayTracingMaterialHitShaders.usf" 1759
"../../../Engine/Shaders/Private/LightmapCommon.ush" 1760
"../../../Engine/Shaders/Private/PathTracing/Material/PathTracingFresnel.ush" 1761
"../../../Engine/Shaders/Private/PathTracing/Material/PathTracingThinGlass.ush" 1762
"../../../Engine/Shaders/Private/PathTracing/Material/PathTracingMaterialCommon.ush" 1763
"../../../Engine/Shaders/Private/PathTracing/PathTracingCommon.ush" 1764
"../../../Engine/Shaders/Private/PathTracing/PathTracingDefinitions.ush" 1765
"../../../Engine/Shaders/Private/PathTracing/Material/PathTracingGlossy.ush" 1766
"../../../Engine/Shaders/Private/RayTracing/RayTracingLightingMS.usf" 1767
"../../../Engine/Shaders/Private/RayTracing/GenerateCulledLightListCS.usf" 1768
"../../../Engine/Shaders/Private/RayTracing/RayTracingFinalGatherRGS.usf" 1769
"../../../Engine/Shaders/Private/RayTracing/RayTracingGatherPoints.ush" 1770
"../../../Engine/Shaders/Private/PathTracing/Light/PathTracingLightSampling.ush" 1771
"../../../Engine/Shaders/Private/PathTracing/Light/PathTracingLightCommon.ush" 1772
"../../../Engine/Shaders/Shared/RayTracingTypes.h" 1773
"../../../Engine/Shaders/Shared/PathTracingDefinitions.h" 1774
"../../../Engine/Shaders/Private/PathTracing/Light/PathTracingDirectionalLight.ush" 1775
"../../../Engine/Shaders/Private/PathTracing/Light/PathTracingPointLight.ush" 1776
"../../../Engine/Shaders/Private/PathTracing/Light/PathTracingCapsuleLight.ush" 1777
"../../../Engine/Shaders/Private/PathTracing/Light/PathTracingRectLight.ush" 1778
"../../../Engine/Shaders/Private/PathTracing/Light/PathTracingSkyLight.ush" 1779
"../../../Engine/Shaders/Private/PathTracing/Light/PathTracingSpotLight.ush" 1780
"../../../Engine/Shaders/Private/PathTracing/Material/PathTracingMaterialSampling.ush" 1781
"../../../Engine/Shaders/Private/PathTracing/Material/PathTracingLambert.ush" 1782
"../../../Engine/Shaders/Private/PathTracing/Material/PathTracingRadianceProbe.ush" 1783
"../../../Engine/Shaders/Private/PathTracing/Material/FirstBounceRayGuidingCommon.ush" 1784
"../../../Engine/Shaders/Private/PathTracing/Material/PathTracingSpecularReflection.ush" 1785
"../../../Engine/Shaders/Private/PathTracing/Material/PathTracingSpecularTransmission.ush" 1786
"../../../Engine/Shaders/Private/PathTracing/Material/PathTracingSolidGlass.ush" 1787
"../../../Engine/Shaders/Private/PathTracing/Material/PathTracingDefaultLit.ush" 1788
"../../../Engine/Shaders/Private/PathTracing/Material/PathTracingClearCoat.ush" 1789
"../../../Engine/Shaders/Private/PathTracing/Material/PathTracingTwoSidedFoliage.ush" 1790
"../../../Engine/Shaders/Private/PathTracing/Material/PathTracingCloth.ush" 1791
"../../../Engine/Shaders/Private/PathTracing/Material/PathTracingSubsurfaceProfile.ush" 1792
"../../../Engine/Shaders/Private/RayTracing/RayTracingCreateGatherPointsRGS.usf" 1793
"../../../Engine/Shaders/Private/RayTracing/RayTracingGlobalIlluminationRGS.usf" 1794
"../../../Engine/Shaders/Private/RayTracing/RayTracingDynamicMesh.usf" 1795
"../../../Engine/Shaders/Private/RayTracing/RayTracingDeferredReflections.usf" 1796
"../../../Engine/Shaders/Private/RayTracing/RayTracingDeferredMaterials.ush" 1797
"../../../Engine/Shaders/Shared/ThirdParty/AMD/ags_shader_intrinsics_dx12.h" 1798
"../../../Engine/Shaders/Private/RayTracing/RayTracingDeferredReflections.ush" 1799
"../../../Engine/Shaders/Private/RayTracing/RayTracingReflectionResolve.usf" 1800
"../../../Engine/Shaders/Private/RayTracing/RayTracingReflectionsGenerateRaysCS.usf" 1801
"../../../Engine/Shaders/Private/RayTracing/MaterialSort.usf" 1802
"../../../Engine/Shaders/Private/RayTracing/RayTracingDeferredMaterials.usf" 1803
"../../../Engine/Shaders/Private/RayTracing/RayTracingDebug.usf" 1804
"../../../Engine/Shaders/Shared/RayTracingDebugDefinitions.h" 1805
"../../../Engine/Shaders/Private/RayTracing/RayTracingBarycentrics.usf" 1806
"../../../Engine/Shaders/Private/RayTracing/RayTracingAmbientOcclusionRGS.usf" 1807
"../../../Engine/Shaders/Private/PrimitiveDistanceAccuracyPixelShader.usf" 1808
"../../../Engine/Shaders/Private/VisualizeShadingModels.usf" 1809
"../../../Engine/Shaders/Private/PostProcessCommon.ush" 1810
"../../../Engine/Shaders/Private/TemporalAA/TAAUpdateHistory.usf" 1811
"../../../Engine/Shaders/Private/TemporalAA/TAACommon.ush" 1812
"../../../Engine/Shaders/Private/TemporalAA/TAADilateRejection.usf" 1813
"../../../Engine/Shaders/Private/TemporalAA/TAACompareHistory.usf" 1814
"../../../Engine/Shaders/Private/TemporalAA/TAAFilterFrequencies.usf" 1815
"../../../Engine/Shaders/Private/TemporalAA/TAADecimateHistory.usf" 1816
"../../../Engine/Shaders/Private/TemporalAA/TAADilateVelocity.usf" 1817
"../../../Engine/Shaders/Private/TemporalAA/TAAClearPrevTextures.usf" 1818
"../../../Engine/Shaders/Private/TemporalAA/TAAStandalone.usf" 1819
"../../../Engine/Shaders/Private/FilterPixelShader.usf" 1820
"../../../Engine/Shaders/Private/ScreenPass.ush" 1821
"../../../Engine/Shaders/Private/FilterVertexShader.usf" 1822
"../../../Engine/Shaders/Private/PostProcessVisualizeHDR.usf" 1823
"../../../Engine/Shaders/Private/PostProcessHistogramCommon.ush" 1824
"../../../Engine/Shaders/Private/ShaderComplexityApplyPixelShader.usf" 1825
"../../../Engine/Shaders/Private/PostProcessVisualizeBuffer.usf" 1826
"../../../Engine/Shaders/Private/PostProcessUpscale.usf" 1827
"../../../Engine/Shaders/Private/PostProcessTonemap.usf" 1828
"../../../Engine/Shaders/Private/PostProcessTestImage.usf" 1829
"../../../Engine/Shaders/Private/PostProcessSubsurface.usf" 1830
"../../../Engine/Shaders/Private/SeparableSSS.ush" 1831
"../../../Engine/Shaders/Private/SubsurfaceBurleyNormalized.ush" 1832
"../../../Engine/Shaders/Private/PostProcessSelectionOutline.usf" 1833
"../../../Engine/Shaders/Private/PostProcessPixelProjectedReflectionMobile.usf" 1834
"../../../Engine/Shaders/Private/PostProcessNoiseBlur.usf" 1835
"../../../Engine/Shaders/Private/PostProcessMotionBlur.usf" 1836
"../../../Engine/Shaders/Private/PostProcessVelocityFlatten.usf" 1837
"../../../Engine/Shaders/Private/PostProcessMobile.usf" 1838
"../../../Engine/Shaders/Private/PostProcessMitchellNetravali.usf" 1839
"../../../Engine/Shaders/Private/PostProcessMaterialShaders.usf" 1840
"../../../Engine/Shaders/Private/PostProcessLensFlares.usf" 1841
"../../../Engine/Shaders/Private/ComposeSeparateTranslucency.usf" 1842
"../../../Engine/Shaders/Private/PostProcessHMD.usf" 1843
"../../../Engine/Shaders/Private/PostProcessHistogramReduce.usf" 1844
"../../../Engine/Shaders/Private/PostProcessHistogram.usf" 1845
"../../../Engine/Shaders/Private/PostProcessGBufferHints.usf" 1846
"../../../Engine/Shaders/Private/PostProcessFFTBloom.usf" 1847
"../../../Engine/Shaders/Private/PostProcessEyeAdaptation.usf" 1848
"../../../Engine/Shaders/Private/PostProcessDownsample.usf" 1849
"../../../Engine/Shaders/Private/PostProcessDOF.usf" 1850
"../../../Engine/Shaders/Private/PostProcessDeviceEncodingOnly.usf" 1851
"../../../Engine/Shaders/Private/PostProcessCompositeEditorPrimitives.usf" 1852
"../../../Engine/Shaders/Private/PostProcessCombineLUTs.usf" 1853
"../../../Engine/Shaders/Private/PostProcessVisualizeDOF.usf" 1854
"../../../Engine/Shaders/Private/PostProcessBloom.usf" 1855
"../../../Engine/Shaders/Private/PostProcessAmbientOcclusionMobile.usf" 1856
"../../../Engine/Shaders/Private/PostProcessAmbientOcclusionCommon.ush" 1857
"../../../Engine/Shaders/Private/FXAAShader.usf" 1858
"../../../Engine/Shaders/Private/Fxaa3_11.ush" 1859
"../../../Engine/Shaders/Private/DiaphragmDOF/DOFRecombine.usf" 1860
"../../../Engine/Shaders/Private/DiaphragmDOF/DOFCommon.ush" 1861
"../../../Engine/Shaders/Private/DiaphragmDOF/DOFHybridScatterPixelShader.usf" 1862
"../../../Engine/Shaders/Private/DiaphragmDOF/DOFHybridScatterCommon.ush" 1863
"../../../Engine/Shaders/Private/DiaphragmDOF/DOFHybridScatterVertexShader.usf" 1864
"../../../Engine/Shaders/Private/DiaphragmDOF/DOFPostfiltering.usf" 1865
"../../../Engine/Shaders/Private/DiaphragmDOF/DOFGatherTileSuggest.ush" 1866
"../../../Engine/Shaders/Private/DiaphragmDOF/DOFCocTileCommon.ush" 1867
"../../../Engine/Shaders/Private/DiaphragmDOF/DOFGatherPass.usf" 1868
"../../../Engine/Shaders/Private/DiaphragmDOF/DOFGatherCommon.ush" 1869
"../../../Engine/Shaders/Private/DiaphragmDOF/DOFGatherAccumulator.ush" 1870
"../../../Engine/Shaders/Private/DiaphragmDOF/DOFGatherKernel.ush" 1871
"../../../Engine/Shaders/Private/DiaphragmDOF/DOFBokehLUT.usf" 1872
"../../../Engine/Shaders/Private/DiaphragmDOF/DOFHybridScatterCompilation.usf" 1873
"../../../Engine/Shaders/Private/DiaphragmDOF/DOFReduce.usf" 1874
"../../../Engine/Shaders/Private/DiaphragmDOF/DOFDownsample.ush" 1875
"../../../Engine/Shaders/Private/DiaphragmDOF/DOFHybridScatterCompilation.ush" 1876
"../../../Engine/Shaders/Private/DiaphragmDOF/DOFDownsample.usf" 1877
"../../../Engine/Shaders/Private/DiaphragmDOF/DOFCocTileDilate.usf" 1878
"../../../Engine/Shaders/Private/DiaphragmDOF/DOFCocTileFlatten.usf" 1879
"../../../Engine/Shaders/Private/DiaphragmDOF/DOFSetup.usf" 1880
"../../../Engine/Shaders/Private/PlanarReflectionShaders.usf" 1881
"../../../Engine/Shaders/Private/PlanarReflectionShared.ush" 1882
"../../../Engine/Shaders/Private/PathTracing/PathTracingCompositingPixelShader.usf" 1883
"../../../Engine/Shaders/Private/PathTracing/PathTracingIESAtlas.usf" 1884
"../../../Engine/Shaders/Private/PathTracing/PathTracing.usf" 1885
"../../../Engine/Shaders/Private/PathTracing/Light/PathTracingLightGrid.ush" 1886
"../../../Engine/Shaders/Private/PathTracing/PathTracingCamera.ush" 1887
"../../../Engine/Shaders/Private/PathTracing/Sensor/PathTracingPinholeCamera.ush" 1888
"../../../Engine/Shaders/Private/PathTracing/PathTracingBuildLightGrid.usf" 1889
"../../../Engine/Shaders/Private/PathTracing/PathTracingSkylightMISCompensation.usf" 1890
"../../../Engine/Shaders/Private/PathTracing/PathTracingSkylightPrepare.usf" 1891
"../../../Engine/Shaders/Private/MobileSceneCapture.usf" 1892
"../../../Engine/Shaders/Private/DistortApplyScreenPS.usf" 1893
"../../../Engine/Shaders/Private/MobileDeferredShading.usf" 1894
"../../../Engine/Shaders/Private/MobileShadingModels.ush" 1895
"../../../Engine/Shaders/Private/MobileGGX.ush" 1896
"../../../Engine/Shaders/Private/MobileBasePassPixelShader.usf" 1897
"../../../Engine/Shaders/Private/MobileBasePassCommon.ush" 1898
"../../../Engine/Shaders/Private/SingleLayerWaterShading.ush" 1899
"../../../Engine/Shaders/Private/DistortionCommon.ush" 1900
"../../../Engine/Shaders/Private/MobileBasePassVertexShader.usf" 1901
"../../../Engine/Shaders/Private/MeshTexCoordSizeAccuracyPixelShader.usf" 1902
"../../../Engine/Shaders/Private/MaterialTexCoordScalesPixelShader.usf" 1903
"../../../Engine/Shaders/Private/LightShaftShader.usf" 1904
"../../../Engine/Shaders/Private/StationaryLightOverlapShaders.usf" 1905
"../../../Engine/Shaders/Private/DeferredLightPixelShaders.usf" 1906
"../../../Engine/Shaders/Private/HairStrands/HairStrandsCommon.ush" 1907
"../../../Engine/Shaders/Private/HairStrands/HairStrandsDeepTransmittanceCommon.ush" 1908
"../../../Engine/Shaders/Private/HairStrands/HairStrandsDeepTransmittanceDualScattering.ush" 1909
"../../../Engine/Shaders/Private/DeferredLightVertexShaders.usf" 1910
"../../../Engine/Shaders/Private/LPVVisualise.usf" 1911
"../../../Engine/Shaders/Private/LPVGeometryVolumeCommon.ush" 1912
"../../../Engine/Shaders/Private/LPVDirectLightInject.usf" 1913
"../../../Engine/Shaders/Private/LPVPropagate.usf" 1914
"../../../Engine/Shaders/Private/LPVPacking.ush" 1915
"../../../Engine/Shaders/Private/LPVBuildGeometryVolume.usf" 1916
"../../../Engine/Shaders/Private/LPVDirectionalOcclusion.usf" 1917
"../../../Engine/Shaders/Private/LPVInject_AccumulateVplLists.usf" 1918
"../../../Engine/Shaders/Private/LPVInject_GenerateVplLists.usf" 1919
"../../../Engine/Shaders/Private/LPVClearLists.usf" 1920
"../../../Engine/Shaders/Private/LPVClear.usf" 1921
"../../../Engine/Shaders/Private/LightMapDensityShader.usf" 1922
"../../../Engine/Shaders/Private/LightGridInjection.usf" 1923
"../../../Engine/Shaders/Private/LightFunctionPixelShader.usf" 1924
"../../../Engine/Shaders/Private/LightFunctionVertexShader.usf" 1925
"../../../Engine/Shaders/Private/ReflectionEnvironmentPixelShader.usf" 1926
"../../../Engine/Shaders/Private/AmbientCubemapComposite.usf" 1927
"../../../Engine/Shaders/Private/DiffuseIndirectComposite.usf" 1928
"../../../Engine/Shaders/Private/HeightfieldLighting.usf" 1929
"../../../Engine/Shaders/Private/DistanceFieldLightingShared.ush" 1930
"../../../Engine/Shaders/Private/DistanceFieldShadowingShared.ush" 1931
"../../../Engine/Shaders/Private/HeightfieldLightingShared.ush" 1932
"../../../Engine/Shaders/Private/HdrCustomResolveShaders.usf" 1933
"../../../Engine/Shaders/Private/HairStrands/HairStrandsVoxelMip.usf" 1934
"../../../Engine/Shaders/Private/HairStrands/HairStrandsVoxelRasterCompute.usf" 1935
"../../../Engine/Shaders/Private/HairStrands/HairStrandsVoxelPageAllocation.usf" 1936
"../../../Engine/Shaders/Private/Matrices.ush" 1937
"../../../Engine/Shaders/Private/HairStrands/HairStrandsAABBCommon.ush" 1938
"../../../Engine/Shaders/Private/HairStrands/HairStrandsVoxelOpaque.usf" 1939
"../../../Engine/Shaders/Private/HairStrands/HairStrandsVisibilityRasterCompute.usf" 1940
"../../../Engine/Shaders/Shared/ThirdParty/NVIDIA/nvHLSLExtns.h" 1941
"../../../Engine/Shaders/Shared/ThirdParty/NVIDIA/nvHLSLExtnsInternal.h" 1942
"../../../Engine/Shaders/Shared/ThirdParty/NVIDIA/nvShaderExtnEnums.h" 1943
"../../../Engine/Shaders/Shared/ThirdParty/AMD/ags_shader_intrinsics_dx11.h" 1944
"../../../Engine/Shaders/Private/HairStrands/HairStrandsCoverage.usf" 1945
"../../../Engine/Shaders/Private/HairStrands/HairStrandsVisibilityDepthPS.usf" 1946
"../../../Engine/Shaders/Private/HairStrands/HairStrandsVisibilityTransmittanceDepthPS.usf" 1947
"../../../Engine/Shaders/Private/HairStrands/HairStrandsVisibilityFillOpaqueDepthPS.usf" 1948
"../../../Engine/Shaders/Private/HairStrands/HairStrandsVisibilityTile.usf" 1949
"../../../Engine/Shaders/Private/HairStrands/HairStrandsVisibilityCompactionComputeRaster.usf" 1950
"../../../Engine/Shaders/Private/HairStrands/HairStrandsVisibilityCompaction.usf" 1951
"../../../Engine/Shaders/Private/HairStrands/HairStrandsVisibilityCopyIndirectArg.usf" 1952
"../../../Engine/Shaders/Private/HairStrands/HairStrandsVisibilityClearPS.usf" 1953
"../../../Engine/Shaders/Private/HairStrands/HairStrandsVisibilityPS.usf" 1954
"../../../Engine/Shaders/Private/HairStrands/HairStrandsVisibilityVS.usf" 1955
"../../../Engine/Shaders/Private/HairStrands/HairStrandsLightChannelMask.usf" 1956
"../../../Engine/Shaders/Private/HairStrands/HairStrandsVelocity.usf" 1957
"../../../Engine/Shaders/Private/HairStrands/HairStrandsVisibilityComputeSampleCoverage.usf" 1958
"../../../Engine/Shaders/Private/HairStrands/HairStrandsMaterialPS.usf" 1959
"../../../Engine/Shaders/Private/HairStrands/HairStrandsMaterialCommon.ush" 1960
"../../../Engine/Shaders/Private/HairStrands/HairStrandsMaterialVS.usf" 1961
"../../../Engine/Shaders/Private/HairStrands/HairStrandsMaterialGBufferPS.usf" 1962
"../../../Engine/Shaders/Private/HairStrands/HairStrandsGBufferCommon.ush" 1963
"../../../Engine/Shaders/Private/HairStrands/HairStrandsMaterialGBufferVS.usf" 1964
"../../../Engine/Shaders/Private/HairStrands/HairStrandsLightSample.usf" 1965
"../../../Engine/Shaders/Private/HairStrands/HairStrandsDeepShadowMask.usf" 1966
"../../../Engine/Shaders/Private/HairStrands/HairStrandsDeepShadowCommonStruct.ush" 1967
"../../../Engine/Shaders/Private/HairStrands/HairStrandsDebugCommon.ush" 1968
"../../../Engine/Shaders/Private/HairStrands/HairStrandsDeepShadowCommon.ush" 1969
"../../../Engine/Shaders/Private/HairStrands/HairStrandsDeepTransmittanceMask.usf" 1970
"../../../Engine/Shaders/Private/HairStrands/HairScatter.usf" 1971
"../../../Engine/Shaders/Private/HairStrands/HairScatterCompose.usf" 1972
"../../../Engine/Shaders/Private/HairStrands/HairStrandsDeepShadowPS.usf" 1973
"../../../Engine/Shaders/Private/HairStrands/HairStrandsDeepShadowVS.usf" 1974
"../../../Engine/Shaders/Private/HairStrands/HairStrandsLUT.usf" 1975
"../../../Engine/Shaders/Private/HairStrands/HairStrandsEnvironmentLighting.usf" 1976
"../../../Engine/Shaders/Private/HairStrands/HairStrandsEnvironmentLightingCommon.ush" 1977
"../../../Engine/Shaders/Private/HairStrands/HairStrandsDebugCommonStruct.ush" 1978
"../../../Engine/Shaders/Private/HairStrands/HairStrandsEnvironmentAO.usf" 1979
"../../../Engine/Shaders/Private/HairStrands/HairStrandsDeepShadowAllocation.usf" 1980
"../../../Engine/Shaders/Private/HairStrands/HairStrandsVoxelDepthInjection.usf" 1981
"../../../Engine/Shaders/Private/HairStrands/HairStrandsClusterCulling.usf" 1982
"../../../Engine/Shaders/Private/HairStrands/HairStrandsClusterCommon.ush" 1983
"../../../Engine/Shaders/Private/HairStrands/HairStrandsVisibilityPPLLDebug.usf" 1984
"../../../Engine/Shaders/Private/HairStrands/HairStrandsBsdfPlot.usf" 1985
"../../../Engine/Shaders/Private/HairStrands/HairStrandsVoxelPageRayMarching.usf" 1986
"../../../Engine/Shaders/Private/HairStrands/HairStrandsDeepShadowDebug.usf" 1987
"../../../Engine/Shaders/Private/HairStrands/HairStrandsDebug.usf" 1988
"../../../Engine/Shaders/Private/HairStrands/HairStrandsDebugPrint.usf" 1989
"../../../Engine/Shaders/Private/HairStrands/HairStrandsGBufferWrite.usf" 1990
"../../../Engine/Shaders/Private/HairStrands/HairStrandsVisibilityComposeSubPixelPS.usf" 1991
"../../../Engine/Shaders/Private/HairStrands/HairStrandsAABB.usf" 1992
"../../../Engine/Shaders/Private/GPUFastFourierTransform.usf" 1993
"../../../Engine/Shaders/Private/GPUFastFourierTransform2DCore.ush" 1994
"../../../Engine/Shaders/Private/GPUFastFourierTransformCore.ush" 1995
"../../../Engine/Shaders/Private/ShaderDrawDebug.usf" 1996
"../../../Engine/Shaders/Private/GPUBenchmark.usf" 1997
"../../../Engine/Shaders/Private/GlobalDistanceField.usf" 1998
"../../../Engine/Shaders/Private/GammaCorrection.usf" 1999
"../../../Engine/Shaders/Private/HeightFogPixelShader.usf" 2000
"../../../Engine/Shaders/Private/HeightFogVertexShader.usf" 2001
"../../../Engine/Shaders/Private/DistortAccumulatePS.usf" 2002
"../../../Engine/Shaders/Private/DistortAccumulateVS.usf" 2003
"../../../Engine/Shaders/Private/DistanceFieldVisualization.usf" 2004
"../../../Engine/Shaders/Private/DistanceFieldShadowing.usf" 2005
"../../../Engine/Shaders/Private/DistanceFieldScreenGridLighting.usf" 2006
"../../../Engine/Shaders/Private/DistanceFieldObjectCulling.usf" 2007
"../../../Engine/Shaders/Private/DistanceFieldLightingPost.usf" 2008
"../../../Engine/Shaders/Private/DitheredTransitionStencil.usf" 2009
"../../../Engine/Shaders/Private/DepthOnlyPixelShader.usf" 2010
"../../../Engine/Shaders/Private/DepthOnlyVertexShader.usf" 2011
"../../../Engine/Shaders/Private/PositionOnlyDepthVertexShader.usf" 2012
"../../../Engine/Shaders/Private/DeferredDecal.usf" 2013
"../../../Engine/Shaders/Private/DecalCommon.ush" 2014
"../../../Engine/Shaders/Private/DBufferDecalShared.ush" 2015
"../../../Engine/Shaders/Private/DebugViewModeVertexShader.usf" 2016
"../../../Engine/Shaders/Private/PostProcessPassThrough.usf" 2017
"../../../Engine/Shaders/Private/MeshDecals.usf" 2018
"../../../Engine/Shaders/Private/PostProcessLpvIndirect.usf" 2019
"../../../Engine/Shaders/Private/LPVFinalPass.ush" 2020
"../../../Engine/Shaders/Private/PostProcessAmbientOcclusion.usf" 2021
"../../../Engine/Shaders/Private/ClusteredDeferredShadingPixelShader.usf" 2022
"../../../Engine/Shaders/Private/CapsuleShadowShaders.usf" 2023
"../../../Engine/Shaders/Private/BasePassPixelShader.usf" 2024
"../../../Engine/Shaders/Private/BasePassCommon.ush" 2025
"../../../Engine/Shaders/Private/ShadingModelsMaterial.ush" 2026
"../../../Engine/Shaders/Private/ThinTranslucentCommon.ush" 2027
"../../../Engine/Shaders/Private/ForwardLightingCommon.ush" 2028
"../../../Engine/Shaders/Private/BasePassTessellationShaders.usf" 2029
"../../../Engine/Shaders/Private/BasePassVertexCommon.ush" 2030
"../../../Engine/Shaders/Private/BasePassVertexShader.usf" 2031
"../../../Engine/Shaders/Private/AtmospherePrecomputeInscatter.usf" 2032
"../../../Engine/Shaders/Private/AtmospherePrecomputeCommon.ush" 2033
"../../../Engine/Shaders/Private/AtmospherePrecompute.usf" 2034
"../../../Engine/Shaders/Private/AtmosphericFogShader.usf" 2035
"../../../Engine/Shaders/Private/AnisotropyPassShader.usf" 2036
"../../../Engine/Shaders/Private/SimpleElementVolumeTexturePreviewPixelShader.usf" 2037
"../../../Engine/Shaders/Private/SimpleElementTexture2DPreviewPixelShader.usf" 2038
"../../../Engine/Shaders/Private/SimpleElementNormalMapPixelShader.usf" 2039
"../../../Engine/Shaders/Private/meshpaintdilatepixelshader.usf" 2040
"../../../Engine/Shaders/Private/meshpaintdilatevertexshader.usf" 2041
"../../../Engine/Shaders/Private/MeshPaintPixelShader.usf" 2042
"../../../Engine/Shaders/Private/MeshPaintVertexShader.usf" 2043
"../../../Engine/Shaders/Private/Tools/VisualizeTexture.usf" 2044
"../../../Engine/Shaders/Private/ByteBuffer.usf" 2045
"../../../Engine/Shaders/Private/ResolveVertexShader.usf" 2046
"../../../Engine/Shaders/Private/ResolvePixelShader.usf" 2047
"../../../Engine/Shaders/Private/Tools/ClearUAV.usf" 2048
"../../../Engine/Shaders/Private/ClearReplacementShaders.usf" 2049
"../../../Engine/Shaders/Private/Raytracing/RayTracingInstanceCopy.usf" 2050
"../../../Engine/Shaders/Private/RenderGraphUtilities.usf" 2051
"../../../Engine/Shaders/Private/OneColorShader.usf" 2052
"../../../Engine/Shaders/Private/OculusShaders.usf" 2053
"../../../Engine/Shaders/Private/MediaShaders.usf" 2054
"../../../Engine/Shaders/Private/NullPixelShader.usf" 2055
"../../../Engine/Shaders/Private/ComputeGenerateMips.usf" 2056
"../../../Engine/Shaders/Private/CopyTextureShaders.usf" 2057
"../../../Engine/Shaders/Private/Tools/FullscreenVertexShader.usf" 2058
"../../../Engine/Shaders/Private/RayTracing/RayTracingBuiltInShaders.usf" 2059
"C:/Users/EddieJr/AppData/Local/UnrealEngine/4.27/DerivedDataCache/Boot.ddc" 2060
"../../../Engine/DerivedDataCache/Compressed.ddp" 2061
"C:/Users/EddieJr/AppData/Local/UnrealEngine/Common/DerivedDataCache/TestData/0/TestData_4kb.dat" 2062
"C:/Users/EddieJr/AppData/Local/UnrealEngine/Common/DerivedDataCache/TestData/1/TestData_4kb.dat" 2063
"C:/Users/EddieJr/AppData/Local/UnrealEngine/Common/DerivedDataCache/TestData/0/TestData_8kb.dat" 2064
"C:/Users/EddieJr/AppData/Local/UnrealEngine/Common/DerivedDataCache/TestData/1/TestData_8kb.dat" 2065
"C:/Users/EddieJr/AppData/Local/UnrealEngine/Common/DerivedDataCache/TestData/0/TestData_16kb.dat" 2066
"C:/Users/EddieJr/AppData/Local/UnrealEngine/Common/DerivedDataCache/TestData/1/TestData_16kb.dat" 2067
"C:/Users/EddieJr/AppData/Local/UnrealEngine/Common/DerivedDataCache/TestData/0/TestData_64kb.dat" 2068
"C:/Users/EddieJr/AppData/Local/UnrealEngine/Common/DerivedDataCache/TestData/1/TestData_64kb.dat" 2069
"C:/Users/EddieJr/AppData/Local/UnrealEngine/Common/DerivedDataCache/TestData/0/TestData_128kb.dat" 2070
"C:/Users/EddieJr/AppData/Local/UnrealEngine/Common/DerivedDataCache/TestData/1/TestData_128kb.dat" 2071
"C:/Users/EddieJr/AppData/Local/UnrealEngine/Common/DerivedDataCache/TestData/0/TestData_256kb.dat" 2072
"C:/Users/EddieJr/AppData/Local/UnrealEngine/Common/DerivedDataCache/TestData/1/TestData_256kb.dat" 2073
"../../../Engine/Content/EditorResources/S_Actor.uasset" 2074
"../../../Engine/Content/EngineResources/WhiteSquareTexture.uasset" 2075
"../../../Engine/Content/EngineResources/GradientTexture0.uasset" 2076
"../../../Engine/Content/EngineResources/Black.uasset" 2077
"../../../Engine/Content/EngineMeshes/Sphere.uasset" 2078
"../../../Engine/Content/EditorMaterials/MatineeGroups/MAT_Groups_Float.uasset" 2079
"../../../Engine/Content/EditorMaterials/MatineeGroups/MAT_Groups_Anim.uasset" 2080
"../../../Engine/Content/EditorMaterials/MatineeGroups/MAT_Groups_AudioMaster.uasset" 2081
"../../../Engine/Content/EditorMaterials/MatineeGroups/MAT_ColorTrack.uasset" 2082
"../../../Engine/Content/EditorMaterials/MatineeGroups/MAT_Groups_Fade.uasset" 2083
"../../../Engine/Content/EditorMaterials/MatineeGroups/MAT_Groups_Director.uasset" 2084
"../../../Engine/Content/EditorMaterials/MatineeGroups/MAT_Groups_Event.uasset" 2085
"../../../Engine/Content/EditorMaterials/MatineeGroups/MAT_Groups_Move.uasset" 2086
"../../../Engine/Content/EditorMaterials/MatineeGroups/MAT_Groups_Slomo.uasset" 2087
"../../../Engine/Content/EditorMaterials/MatineeGroups/MAT_Groups_Sound.uasset" 2088
"../../../Engine/Content/EditorMaterials/MAT_Groups_Toggle.uasset" 2089
"../../../Engine/Content/EditorMaterials/MatineeGroups/MAT_Groups_Vector.uasset" 2090
"../../../Engine/Content/EditorMaterials/MAT_Groups_Visibility.uasset" 2091
"../../../Engine/Content/EngineResources/DefaultTexture.uasset" 2092
"../../../Engine/Content/EngineResources/DefaultTextureCube.uasset" 2093
"../../../Engine/Content/EngineResources/DefaultVolumeTexture.uasset" 2094
"../../../Engine/Content/EngineResources/DefaultVolumeTexture2D.uasset" 2095
"../../../Engine/Content/EngineFonts/RobotoDistanceField.uasset" 2096
"../../../Engine/Content/EngineMaterials/DefaultTextMaterialOpaque.uasset" 2097
"../../../Engine/Content/Functions/Engine_MaterialFunctions01/Shading/PowerToRoughness.uasset" 2098
"../../../Engine/Content/Functions/Engine_MaterialFunctions01/Shading/ConvertFromDiffSpec.uasset" 2099
"../../../Engine/Content/EngineMaterials/WorldGridMaterial.uasset" 2100
"../../../Engine/Content/Functions/Engine_MaterialFunctions01/Opacity/CameraDepthFade.uasset" 2101
"../../../Engine/Content/EngineMaterials/T_Default_Material_Grid_M.uasset" 2102
"../../../Engine/Content/EngineMaterials/T_Default_Material_Grid_N.uasset" 2103
"../../../Engine/Content/EngineMaterials/DefaultDeferredDecalMaterial.uasset" 2104
"../../../Engine/Content/EngineMaterials/DefaultDiffuse.uasset" 2105
"../../../Engine/Content/EngineMaterials/DefaultLightFunctionMaterial.uasset" 2106
"../../../Engine/Content/EngineMaterials/DefaultPostProcessMaterial.uasset" 2107
"../../../Engine/Content/Functions/Engine_MaterialFunctions02/Utility/BreakOutFloat2Components.uasset" 2108
"../../../Engine/Content/EditorResources/S_Trigger.uasset" 2109
"../../../Engine/Content/EngineSky/VolumetricClouds/m_SimpleVolumetricCloud_Inst.uasset" 2110
"../../../Engine/Content/EngineSky/VolumetricClouds/m_SimpleVolumetricCloud.uasset" 2111
"../../../Engine/Content/Functions/Engine_MaterialFunctions02/Utility/MakeFloat2.uasset" 2112
"../../../Engine/Content/EngineSky/VolumetricClouds/CloudGradientTexture.uasset" 2113
"../../../Engine/Content/EngineSky/VolumetricClouds/CloudWeatherTexture.uasset" 2114
"../../../Engine/Content/EngineSky/VolumetricClouds/T_VolumeNoiseErosion32.uasset" 2115
"../../../Engine/Content/EngineSky/VolumetricClouds/T_NoiseErosion.uasset" 2116
"../../../Engine/Content/EngineSky/VolumetricClouds/T_VolumeNoiseShape64.uasset" 2117
"../../../Engine/Content/EngineSky/VolumetricClouds/T_NoiseShape64.uasset" 2118
"../../../Engine/Content/EngineMaterials/BaseFlattenMaterial.uasset" 2119
"../../../Engine/Content/EngineMaterials/BaseFlattenDiffuseMap.uasset" 2120
"../../../Engine/Content/EngineMaterials/BaseFlattenEmissiveMap.uasset" 2121
"../../../Engine/Content/EngineMaterials/BaseFlattenGrayscaleMap.uasset" 2122
"../../../Engine/Content/EngineMaterials/BaseFlattenNormalMap.uasset" 2123
"../../../Engine/Content/EngineDamageTypes/DmgTypeBP_Environmental.uasset" 2124
"../../../Engine/Content/VREditor/TransformGizmo/SM_Sequencer_Key.uasset" 2125
"../../../Engine/Content/VREditor/TransformGizmo/Main.uasset" 2126
"../../../Engine/Content/VREditor/TransformGizmo/Xray.uasset" 2127
"../../../Engine/Content/EngineMaterials/Widget3DPassThrough_Translucent.uasset" 2128
"../../../Engine/Content/EngineMaterials/Widget3DPassThrough.uasset" 2129
"../../../Engine/Config/TVOS/TVOSEngine.ini" 2130
"../../../Engine/Content/EngineMaterials/Widget3DPassThrough_Translucent_OneSided.uasset" 2131
"../../../Engine/Content/EngineMaterials/Widget3DPassThrough_Opaque.uasset" 2132
"../../../Engine/Content/EngineMaterials/Widget3DPassThrough_Opaque_OneSided.uasset" 2133
"../../../Engine/Content/EngineMaterials/Widget3DPassThrough_Masked.uasset" 2134
"../../../Engine/Content/EngineMaterials/Widget3DPassThrough_Masked_OneSided.uasset" 2135
"../../../Engine/Content/VREditor/TransformGizmo/PlaneTranslationHandle.uasset" 2136
"../../../Engine/Content/VREditor/TransformGizmo/TransformGizmoMaterial.uasset" 2137
"../../../Engine/Content/VREditor/LaserPointer/VR_LaserPower_01.uasset" 2138
"../../../Engine/Content/VREditor/TransformGizmo/TranslucentTransformGizmoMaterial.uasset" 2139
"../../../Engine/Content/VREditor/TransformGizmo/BoundingBoxCorner.uasset" 2140
"../../../Engine/Content/VREditor/TransformGizmo/BoundingBoxEdge.uasset" 2141
"../../../Engine/Content/EditorMeshes/Camera/SM_CraneRig_Base.uasset" 2142
"../../../Engine/Content/EditorMaterials/Camera/MI_CineMat_Rig.uasset" 2143
"../../../Engine/Content/EditorMaterials/Camera/CineMat.uasset" 2144
"../../../Engine/Content/EditorMeshes/Camera/SM_CraneRig_Arm.uasset" 2145
"../../../Engine/Content/EditorMeshes/Camera/SM_CraneRig_Mount.uasset" 2146
"../../../Engine/Content/EditorMeshes/Camera/SM_CraneRig_Body.uasset" 2147
"../../../Engine/Content/EditorMeshes/Camera/SM_RailRig_Track.uasset" 2148
"../../../Engine/Content/EditorMeshes/Camera/SM_RailRig_Mount.uasset" 2149
"../../../Engine/Content/ArtTools/RenderToTexture/Meshes/S_1_Unit_Plane.uasset" 2150
"../../../Engine/Content/EngineDebugMaterials/M_SimpleUnlitTranslucent.uasset" 2151
"../../../Engine/Content/EngineFonts/Roboto.uasset" 2152
"../../../Engine/Content/EngineFonts/Faces/DroidSansFallback.uasset" 2153
"../../../Engine/Content/EngineFonts/Faces/RobotoBold.uasset" 2154
"../../../Engine/Content/EngineFonts/Faces/RobotoBoldItalic.uasset" 2155
"../../../Engine/Content/EngineFonts/Faces/RobotoItalic.uasset" 2156
"../../../Engine/Content/EngineFonts/Faces/RobotoLight.uasset" 2157
"../../../Engine/Content/EngineFonts/Faces/RobotoRegular.uasset" 2158
"../../../Engine/Content/EditorMaterials/ParticleSystems/PSysThumbnail_NoImage.uasset" 2159
"../../../Engine/Content/EditorMaterials/ParticleSystems/PSysThumbnail_OOD.uasset" 2160
"../../../Engine/Content/Maps/Templates/Thumbnails/Default.uasset" 2161
"../../../Engine/Content/Maps/Templates/Thumbnails/TimeOfDay.uasset" 2162
"../../../Engine/Content/Maps/Templates/Thumbnails/VR-Basic.uasset" 2163
"../../../Engine/Content/EditorLandscapeResources/DataLayer.uasset" 2164
"../../../Engine/Content/VREditor/TransformGizmo/SM_Sequencer_Node.uasset" 2165
"../../../Engine/Content/Internationalization/icudt64l/coll/ucadata.icu" 2166
"../../../Engine/Content/Internationalization/icudt64l/coll/en.res" 2167
"../../../Engine/Content/Internationalization/icudt64l/coll/root.res" 2168
"../../../Engine/Content/Tutorial/Basics/LevelEditorAttract.uasset" 2169
"../../../Engine/Content/Tutorial/BlueprintTutorials/BlueprintEditorTutorial.uasset" 2170
"../../../Engine/Content/Tutorial/BlueprintTutorials/TutorialAssets/Blueprint_64x.uasset" 2171
"../../../Engine/Content/Tutorial/ContentIntroCurve.uasset" 2172
"../../Plugins/2D/Paper2D/Content/MaskedUnlitSpriteMaterial.uasset" 2173
"../../Plugins/2D/Paper2D/Content/DefaultSpriteMaterial.uasset" 2174
"../../Plugins/2D/Paper2D/Content/PlaceholderTextures/DummySpriteTexture.uasset" 2175
"../../Plugins/2D/Paper2D/Content/OpaqueUnlitSpriteMaterial.uasset" 2176
"../../Plugins/2D/Paper2D/Content/DefaultPaperTerrainMaterial.uasset" 2177
"../../Plugins/2D/Paper2D/Content/DummySprite.uasset" 2178
"../../../Engine/Content/EditorResources/S_Solver.uasset" 2179
"../../../Engine/Content/EditorResources/S_Note.uasset" 2180
"../../../Engine/Content/EngineDebugMaterials/VolumeToRender.uasset" 2181
"../../../Engine/Content/EngineDebugMaterials/M_VolumeRenderSphereTracePP.uasset" 2182
"../../../Engine/Content/Functions/Engine_MaterialFunctions02/Utility/CameraDirectionVector.uasset" 2183
"../../Plugins/MovieScene/MovieRenderPipeline/Content/Blueprints/UI_MovieRenderPipelineScreenOverlay.uasset" 2184
"../../Plugins/MovieScene/MovieRenderPipeline/Content/Blueprints/M_MoviePipelineRenderPreview.uasset" 2185
"../../../Engine/Content/ArtTools/RenderToTexture/Textures/127grey.uasset" 2186
"../../Plugins/MovieScene/MovieRenderPipeline/Content/Blueprints/UI_MovieRenderPipelineInfoTableRow.uasset" 2187
"../../Plugins/MovieScene/MovieRenderPipeline/Content/Blueprints/DefaultBurnIn.uasset" 2188
"../../../Engine/Content/EngineFonts/DroidSansMono.uasset" 2189
"../../../Engine/Content/EngineFonts/Faces/DroidSansMono.uasset" 2190
"../../Plugins/MovieScene/MovieRenderPipeline/Content/Materials/MoviePipeline_StencilCutout.uasset" 2191
"../../Plugins/MovieScene/MovieRenderPipeline/Content/Materials/MovieRenderQueue_WorldDepth.uasset" 2192
"../../../Engine/Content/Functions/Engine_MaterialFunctions02/Utility/BreakOutFloat3Components.uasset" 2193
"../../../Engine/Content/Functions/Engine_MaterialFunctions02/Utility/BreakOutFloat4Components.uasset" 2194
"../../../Engine/Content/Functions/Engine_MaterialFunctions02/Utility/MakeFloat4.uasset" 2195
"../../Plugins/MovieScene/MovieRenderPipeline/Content/Materials/MovieRenderQueue_MotionVectors.uasset" 2196
"../../../Engine/Content/Functions/Engine_MaterialFunctions02/Utility/MakeFloat3.uasset" 2197
"../../../Engine/Content/EngineMaterials/RemoveSurfaceMaterial.uasset" 2198
"../../../Engine/Content/EngineDebugMaterials/DebugMeshMaterial.uasset" 2199
"../../../Engine/Content/EngineMaterials/EmissiveMeshMaterial.uasset" 2200
"../../../Engine/Content/EngineMaterials/DefaultWhiteGrid_Low.uasset" 2201
"../../../Engine/Content/EngineMaterials/M_InvalidLightmapSettings.uasset" 2202
"../../../Engine/Content/EngineMaterials/InvalidLightmapSettings.uasset" 2203
"../../../Engine/Content/EngineMaterials/GizmoMaterial.uasset" 2204
"../../../Engine/Content/EngineMaterials/PhAT_JointLimitMaterial.uasset" 2205
"../../../Engine/Content/Functions/Engine_MaterialFunctions02/WorldPositionOffset/CameraOffset.uasset" 2206
"../../../Engine/Content/EngineMaterials/Good64x64TilingNoiseHighFreq.uasset" 2207
"../../../Engine/Content/EngineMaterials/DefaultBokeh.uasset" 2208
"../../../Engine/Content/EngineMaterials/DefaultBloomKernel.uasset" 2209
"../../../Engine/Content/EngineMaterials/PreintegratedSkinBRDF.uasset" 2210
"../../../Engine/Content/EngineMaterials/MiniFont.uasset" 2211
"../../../Engine/Content/EngineMaterials/WeightMapPlaceholderTexture.uasset" 2212
"../../../Engine/Content/EngineMaterials/DefaultWhiteGrid.uasset" 2213
"../../../Engine/Content/EngineMaterials/BlueNoise.uasset" 2214
"../../../Engine/Content/EngineMaterials/DefaultPhysicalMaterial.uasset" 2215
"../../../../../../Unreal Projects/Amberial UE Remake/Amberial/Intermediate/AssetRegistryCache/311563bb.bin" 2216
"../../../../../../Unreal Projects/Amberial UE Remake/Amberial/Content/Maps/L2_FirstSprings/L2_FirstSprings.umap" 2217
"../../../../../../Unreal Projects/Amberial UE Remake/Amberial/Intermediate/AssetRegistryCache/c90e3f55.bin" 2218
"../../../../../../Unreal Projects/Amberial UE Remake/Amberial/Content/Blueprints/MechanicsBPs/Ace/BP_AcePickup.uasset" 2219
"../../../../../../Unreal Projects/Amberial UE Remake/Amberial/Content/Blueprints/MechanicsBPs/Spring/BP_Spring.uasset" 2220
"../../../Engine/Content/BasicShapes/Cube.uasset" 2221
"../../../Engine/Content/BasicShapes/Sphere.uasset" 2222
"../../../Engine/Content/EngineMaterials/DefaultMaterial.uasset" 2223
"C:/Users/EddieJr/AppData/Local/UnrealEngine/Common/DerivedDataCache/7/4/4/STATICMESH_9CE2B6FB46754B699726C4AA1515F12E_228332BAE0224DD294E232B87D83948FQU__687D6BE74A8A59FB5D7E8D6E39B999DF11F85EA7.udd" 2224
"C:/Users/EddieJr/AppData/Local/UnrealEngine/Common/DerivedDataCache/7/1/5/PHYSX_A08609EF508D460CBB6710540B03AACF_PHYSXPC_F93A868C471D0DE82928079B965DD3B__A79F65570B1CC96705FB1576F43146F3CCE592D2.udd" 2225
"C:/Users/EddieJr/AppData/Local/UnrealEngine/Common/DerivedDataCache/5/7/3/NAVCOLLISION_2983273BE5D6425391E8C0B3D1C0A55D_NAVCOLLISION_X_F93A868C471D0DE82__7F64109EE0C24897522151023BA09ED39B8800D3.udd" 2226
"../../../Engine/Content/BasicShapes/Cylinder.uasset" 2227
"../../../Engine/Content/BasicShapes/Cone.uasset" 2228
"../../../Engine/Content/BasicShapes/Plane.uasset" 2229
"../../../Engine/Content/EditorLandscapeResources/DefaultAlphaTexture.uasset" 2230
"../../../Engine/Content/EditorResources/S_Terrain.uasset" 2231
"../../../Engine/Content/EditorResources/SequenceRecorder/Countdown.uasset" 2232
"../../../Engine/Content/EditorResources/SequenceRecorder/RecordingIndicator.uasset" 2233
"../../Plugins/Runtime/HDRIBackdrop/Content/Blueprints/HDRIBackdrop.uasset" 2234
"../../Plugins/Runtime/HDRIBackdrop/Content/Materials/MI_HDRI_CameraProjection.uasset" 2235
"../../Plugins/Runtime/HDRIBackdrop/Content/Materials/HDRI_Projection.uasset" 2236
"../../../Engine/Content/Functions/Engine_MaterialFunctions02/Utility/VectorLength.uasset" 2237
"../../../Engine/Content/Functions/Engine_MaterialFunctions02/WorldPositionOffset/ObjectPivotPoint.uasset" 2238
"../../Plugins/Runtime/HDRIBackdrop/Content/Materials/HDRI_Attributes.uasset" 2239
"../../Plugins/Runtime/HDRIBackdrop/Content/Materials/MI_HDRI_CenterProjection.uasset" 2240
"../../Plugins/Runtime/HDRIBackdrop/Content/Meshes/EnviroDome.uasset" 2241
"../../Plugins/Runtime/HDRIBackdrop/Content/Textures/approaching_storm_4k.uasset" 2242
"../../../../../../Unreal Projects/Amberial UE Remake/Amberial/Intermediate/AssetRegistryCache/e245471d.bin" 2243
"../../Plugins/Runtime/AudioModulation/Content/BitDepth.uasset" 2244
"../../Plugins/Runtime/AudioModulation/Content/HPFCutoffFrequency.uasset" 2245
"../../Plugins/Runtime/AudioModulation/Content/LowRateFrequency.uasset" 2246
"../../Plugins/Runtime/AudioModulation/Content/LPFCutoffFrequency.uasset" 2247
"../../Plugins/Runtime/AudioModulation/Content/Pan.uasset" 2248
"../../Plugins/Runtime/AudioModulation/Content/Pitch.uasset" 2249
"../../Plugins/Runtime/AudioModulation/Content/SampleRate.uasset" 2250
"../../Plugins/Runtime/AudioModulation/Content/TimeOfDay.uasset" 2251
"../../Plugins/Runtime/AudioModulation/Content/Volume.uasset" 2252
"D:/Unreal Projects/Amberial UE Remake/Amberial/Saved/Cooked/WindowsNoEditor/Amberial/Metadata/CookedIniVersion.txt" 2253
"C:/Users/EddieJr/AppData/Local/UnrealEngine/Common/DerivedDataCache/0/5/4/MATSM_0BA69734E4FD45E082FA4560DBE25454_PCD3D_SM5_8__BC5N_NOCCBN_NOIRIS_DEV_SL___8DD17AD80A6F6E90968B93BADAC940D2437E0EA0.udd" 2254
"C:/Users/EddieJr/AppData/Local/UnrealEngine/Common/DerivedDataCache/9/2/5/MATSM_0BA69734E4FD45E082FA4560DBE25454_PCD3D_SM5_8__BC5N_NOCCBN_NOIRIS_DEV_SL___4AF0F56BFA36E00509B8CAF62FB7D6630BC9F7B1.udd" 2255
"C:/Users/EddieJr/AppData/Local/UnrealEngine/Common/DerivedDataCache/5/8/1/MATSM_0BA69734E4FD45E082FA4560DBE25454_PCD3D_SM5_8__BC5N_NOCCBN_NOIRIS_DEV_SL___EF447C117FB6EC13ED760A268BF61CACF85755B8.udd" 2256
"C:/Users/EddieJr/AppData/Local/UnrealEngine/Common/DerivedDataCache/1/5/8/MATSM_0BA69734E4FD45E082FA4560DBE25454_PCD3D_SM5_8__BC5N_NOCCBN_NOIRIS_DEV_SL___5007C9E2A81C4148069263D8DA473FBB06F054AC.udd" 2257
"C:/Users/EddieJr/AppData/Local/UnrealEngine/Common/DerivedDataCache/2/1/1/MATSM_0BA69734E4FD45E082FA4560DBE25454_PCD3D_SM5_8__BC5N_NOCCBN_NOIRIS_DEV_SL___A894E78A29C441613C66EB4E0FC97CCC8FDCEB2B.udd" 2258
"../../../Engine/Content/EngineMaterials/DefaultCalibrationGrayscale.uasset" 2259
"../../../Engine/Content/EngineMaterials/PPM_DefaultCalibrationGrayscale.uasset" 2260
"../../../Engine/Content/EngineMaterials/DefaultCalibrationColor.uasset" 2261
"../../../Engine/Content/EngineMaterials/PPM_DefaultCalibrationColor.uasset" 2262
"../../../Engine/Content/MobileResources/HUD/DefaultVirtualJoysticks.uasset" 2263
"../../../Engine/Content/MobileResources/HUD/VirtualJoystick_Background.uasset" 2264
"../../../Engine/Content/MobileResources/HUD/VirtualJoystick_Thumb.uasset" 2265
"D:/Unreal Projects/Amberial UE Remake/Amberial/Content/Sound/SC_Master.uasset" 2266
"D:/Unreal Projects/Amberial UE Remake/Amberial/Content/Sound/SC_BGM.uasset" 2267
"D:/Unreal Projects/Amberial UE Remake/Amberial/Content/Sound/CharactersSounds/CHSFX00_Hit0.uasset" 2268
"D:/Unreal Projects/Amberial UE Remake/Amberial/Content/Sound/SC_SFX.uasset" 2269
"D:/Unreal Projects/Amberial UE Remake/Amberial/Content/Sound/CharactersSounds/CHSFX02_Hit2.uasset" 2270
"D:/Unreal Projects/Amberial UE Remake/Amberial/Content/Sound/CharactersSounds/CHSFX03_Hit3.uasset" 2271
"D:/Unreal Projects/Amberial UE Remake/Amberial/Content/Sound/CharactersSounds/CHSFX01_Hit1.uasset" 2272
"D:/Unreal Projects/Amberial UE Remake/Amberial/Content/Characters/CH01_AmberBall/T_AmberBall.uasset" 2273
"D:/Unreal Projects/Amberial UE Remake/Amberial/Content/Characters/CH01_AmberBall/PM_AmberBallPhysicsMat.uasset" 2274
"../../../Engine/Content/EngineMaterials/DefaultNormal.uasset" 2275
"../../../Engine/Content/Functions/Engine_MaterialFunctions02/Texturing/CustomRotator.uasset" 2276
"D:/Unreal Projects/Amberial UE Remake/Amberial/Content/GlobalMaterials/M_MasterParameters.uasset" 2277
"D:/Unreal Projects/Amberial UE Remake/Amberial/Content/Characters/CH01_AmberBall/MI_AmberBall.uasset" 2278
"D:/Unreal Projects/Amberial UE Remake/Amberial/Content/Characters/CH01_AmberBall/SM_AmberBall.uasset" 2279
"D:/Unreal Projects/Amberial UE Remake/Amberial/Content/Characters/CH01_AmberBall/T_Trail.uasset" 2280
"D:/Unreal Projects/Amberial UE Remake/Amberial/Content/Characters/CH01_AmberBall/M_PlayerTrail.uasset" 2281
"D:/Unreal Projects/Amberial UE Remake/Amberial/Content/Characters/CH01_AmberBall/NS_PlayerTrail.uasset" 2282
"D:/Unreal Projects/Amberial UE Remake/Amberial/Content/Characters/CH01_AmberBall/BP_PlayerCharacter.uasset" 2283
"D:/Unreal Projects/Amberial UE Remake/Amberial/Content/Blueprints/GameFrameworkBPs/BP_PlayerController.uasset" 2284
"C:/Users/EddieJr/AppData/Local/UnrealEngine/Common/DerivedDataCache/9/1/9/AUDIO_0005_0000_OGG00000000_0004_B852A4F54947AF0F36F84CBBB49C390C.udd" 2285
"D:/Unreal Projects/Amberial UE Remake/Amberial/Content/Blueprints/GameFrameworkBPs/BP_GameState.uasset" 2286
"C:/Users/EddieJr/AppData/Local/UnrealEngine/Common/DerivedDataCache/2/1/3/AUDIO_0005_0000_OGG00000000_0004_A81F223A4296572D2EC706B96E0F7151.udd" 2287
"D:/Unreal Projects/Amberial UE Remake/Amberial/Content/Blueprints/GameFrameWorkBPs/BP_AmberialGameMode.uasset" 2288
"C:/Users/EddieJr/AppData/Local/UnrealEngine/Common/DerivedDataCache/5/2/4/AUDIO_0005_0000_OGG00000000_0004_8F5F1ED64943FA33FCF14292FBE474C4.udd" 2289
"C:/Users/EddieJr/AppData/Local/UnrealEngine/Common/DerivedDataCache/7/0/7/AUDIO_0005_0000_OGG00000000_0004_E3508CD8437A479DDB60ADAC0659CF79.udd" 2290
"C:/Users/EddieJr/AppData/Local/UnrealEngine/Common/DerivedDataCache/3/5/5/MATSM_0BA69734E4FD45E082FA4560DBE25454_PCD3D_SM5_8__BC5N_NOCCBN_NOIRIS_DEV_SL___F48573C466C8C54BE8B41D2B4C1A37223E27CB40.udd" 2291
"C:/Users/EddieJr/AppData/Local/UnrealEngine/Common/DerivedDataCache/7/6/1/STREAMEDAUDIO_BC6E92FBBD314E3B9B9EC6778749EB5E_OGG00000000_4_B852A4F54947AF0F36F84CBBB49C390C.udd" 2292
"C:/Users/EddieJr/AppData/Local/UnrealEngine/Common/DerivedDataCache/3/3/9/STREAMEDAUDIO_BC6E92FBBD314E3B9B9EC6778749EB5E_OGG00000000_4_A81F223A4296572D2EC706B96E0F7151.udd" 2293
"C:/Users/EddieJr/AppData/Local/UnrealEngine/Common/DerivedDataCache/2/4/8/TEXTURE_E01F4250BECD420DA9CE63B5EECEC2C2_OODLE_AUTODXT_11_5C6386A8455337060E99__D8336F7B18832CFCCB47EBC01ACE1DD013C11270.udd" 2294
"C:/Users/EddieJr/AppData/Local/UnrealEngine/Common/DerivedDataCache/8/1/8/STREAMEDAUDIO_BC6E92FBBD314E3B9B9EC6778749EB5E_OGG00000000_4_8F5F1ED64943FA33FCF14292FBE474C4.udd" 2295
"D:/Unreal Projects/Amberial UE Remake/Amberial/Content/Blueprints/SaveGameBPs/BP_UserSettingsSave.uasset" 2296
"D:/Unreal Projects/Amberial UE Remake/Amberial/Content/Blueprints/SaveGameBPs/BPS_LevelProgress.uasset" 2297
"D:/Unreal Projects/Amberial UE Remake/Amberial/Content/Blueprints/SaveGameBPs/BP_GameDataSave.uasset" 2298
"D:/Unreal Projects/Amberial UE Remake/Amberial/Content/Blueprints/GameFrameWorkBPs/BP_GameInstace.uasset" 2299
"C:/Users/EddieJr/AppData/Local/UnrealEngine/Common/DerivedDataCache/8/6/0/STATICMESH_9CE2B6FB46754B699726C4AA1515F12E_228332BAE0224DD294E232B87D83948FQU__4C47FDAFBFE158DE6F66A146669E2DA9C3AF0636.udd" 2300
"C:/Users/EddieJr/AppData/Local/UnrealEngine/Common/DerivedDataCache/5/0/3/PHYSX_A08609EF508D460CBB6710540B03AACF_PHYSXPC_07F5CDB9445CE1A8985D718117BEB47__00821233C614D951598B3F5AE5AE73937BA82F9A.udd" 2301
"C:/Users/EddieJr/AppData/Local/UnrealEngine/Common/DerivedDataCache/0/9/5/NAVCOLLISION_2983273BE5D6425391E8C0B3D1C0A55D_NAVCOLLISION_X_07F5CDB9445CE1A89__7C91E3B3109E1114FC0C47846943F0E742116173.udd" 2302
"D:/Unreal Projects/Amberial UE Remake/Amberial/Content/Sound/SCM_BGM.uasset" 2303
"D:/Unreal Projects/Amberial UE Remake/Amberial/Content/Sound/SCM_SFX.uasset" 2304
"../../Plugins/FX/Niagara/Content/DynamicInputs/ValueFromCurve/FloatFromCurve.uasset" 2305
"../../Plugins/FX/Niagara/Content/Modules/Emitter/EmitterState.uasset" 2306
"../../Plugins/FX/Niagara/Content/Functions/Emitter/EmitterChangeState.uasset" 2307
"../../Plugins/FX/Niagara/Content/Enums/ENiagara_EmitterStateOptions.uasset" 2308
"../../Plugins/FX/Niagara/Content/Enums/ENiagara_InfiniteLoopDuration.uasset" 2309
"../../Plugins/FX/Niagara/Content/Enums/ENiagaraEmitterLifeCycleMode.uasset" 2310
"../../Plugins/FX/Niagara/Content/Enums/ENiagaraEmitterScalabilityMode_Limited.uasset" 2311
"../../Plugins/FX/Niagara/Content/Enums/ENiagaraExecutionStateManagement.uasset" 2312
"../../Plugins/FX/Niagara/Content/Enums/ENiagaraInactiveMode.uasset" 2313
"../../Plugins/FX/Niagara/Content/Modules/Emitter/SpawnBurst_Instantaneous.uasset" 2314
"../../Plugins/FX/Niagara/Content/Functions/V2/CalculateRandomRangeFloat.uasset" 2315
"../../Plugins/FX/Niagara/Content/Enums/ENiagaraRandomnessEvaluation.uasset" 2316
"../../Plugins/FX/Niagara/Content/Enums/ENiagaraRandomnessMode.uasset" 2317
"../../Plugins/FX/Niagara/Content/Modules/Emitter/SpawnRate.uasset" 2318
"../../Plugins/FX/Niagara/Content/Functions/RandomRangeFloat.uasset" 2319
"../../Plugins/FX/Niagara/Content/Functions/GetRandomInfo.uasset" 2320
"../../Plugins/FX/Niagara/Content/Modules/Solvers/SolveForcesAndVelocity.uasset" 2321
"../../Plugins/FX/Niagara/Content/Functions/DirectionAndLengthSafe.uasset" 2322
"../../Plugins/FX/Niagara/Content/Functions/Localspace/SimulationPosition.uasset" 2323
"../../Plugins/FX/Niagara/Content/Modules/Spawn/Initialization/V2/InitializeParticle.uasset" 2324
"../../Plugins/FX/Niagara/Content/Functions/LinearColor/HueShiftLinearColor.uasset" 2325
"../../Plugins/FX/Niagara/Content/Functions/Localspace/TransformVector.uasset" 2326
"../../Plugins/FX/Niagara/Content/Functions/Localspace/TransformBase.uasset" 2327
"../../Plugins/FX/Niagara/Content/Functions/V2/CalculateRandomBool.uasset" 2328
"../../Plugins/FX/Niagara/Content/Functions/V2/CalculateRandomRangeInteger.uasset" 2329
"../../Plugins/FX/Niagara/Content/Functions/V2/CalculateRandomRange.uasset" 2330
"../../Plugins/FX/Niagara/Content/Enums/ENiagara_ColorInitializationMode.uasset" 2331
"../../Plugins/FX/Niagara/Content/Enums/ENiagara_LifetimeMode.uasset" 2332
"../../Plugins/FX/Niagara/Content/Enums/ENiagara_MassInitializationMode.uasset" 2333
"../../Plugins/FX/Niagara/Content/Enums/ENiagara_PositionInitializationMode.uasset" 2334
"../../Plugins/FX/Niagara/Content/Enums/ENiagara_SizeScaleMode.uasset" 2335
"../../Plugins/FX/Niagara/Content/Enums/ENiagara_SpriteRotationMode.uasset" 2336
"../../Plugins/FX/Niagara/Content/Enums/ENiagara_UVFlippingMode.uasset" 2337
"../../Plugins/FX/Niagara/Content/Enums/ENiagaraChannelCorrelation.uasset" 2338
"../../Plugins/FX/Niagara/Content/Enums/Ribbons/ENiagara_UnsetDirectSetRandom.uasset" 2339
"../../Plugins/FX/Niagara/Content/Modules/System/SystemState.uasset" 2340
"../../Plugins/FX/Niagara/Content/Functions/System/SystemChangeState.uasset" 2341
"../../Plugins/FX/Niagara/Content/Enums/ENiagaraSystemInactiveMode.uasset" 2342
"../../Plugins/FX/Niagara/Content/Modules/Update/Color/ScaleColor.uasset" 2343
"../../Plugins/FX/Niagara/Content/Enums/ENiagaraScaleColorMode.uasset" 2344
"../../Plugins/FX/Niagara/Content/Modules/Update/Lifetime/ParticleState.uasset" 2345
"../../Plugins/FX/Niagara/Content/ParameterDefinitions/CoreParameters.uasset" 2346
"../../Plugins/FX/Niagara/Content/ParameterDefinitions/LightRenderer.uasset" 2347
"../../Plugins/FX/Niagara/Content/ParameterDefinitions/MeshRenderer.uasset" 2348
"../../Plugins/FX/Niagara/Content/ParameterDefinitions/RibbonRenderer.uasset" 2349
"../../Plugins/FX/Niagara/Content/ParameterDefinitions/SpriteRenderer.uasset" 2350
"C:/Users/EddieJr/AppData/Local/UnrealEngine/Common/DerivedDataCache/2/9/6/NIAGARASCRIPTDERIVEDDATA_179023FDDDD444DE97F61296909C2990_2_14_000000000000000__6A2FA90CD2044A6D86462874482610F0CD374382.udd" 2351
"C:/Users/EddieJr/AppData/Local/UnrealEngine/Common/DerivedDataCache/5/6/6/NIAGARASCRIPTDERIVEDDATA_179023FDDDD444DE97F61296909C2990_2_15_000000000000000__C10AEBE2B257BAB1FE7669D8E3FA9609AB6FA35A.udd" 2352
"C:/Users/EddieJr/AppData/Local/UnrealEngine/Common/DerivedDataCache/2/4/4/NIAGARASCRIPTDERIVEDDATA_179023FDDDD444DE97F61296909C2990_2_111_00000000000000__352622DA187A966B379C8784CFE9833CF760175F.udd" 2353
"C:/Users/EddieJr/AppData/Local/UnrealEngine/Common/DerivedDataCache/6/3/1/NIAGARASCRIPTDERIVEDDATA_179023FDDDD444DE97F61296909C2990_2_112_00000000000000__7755A9B5213FF0EBF80CB8545DBAA8D080D3B534.udd" 2354
"C:/Users/EddieJr/AppData/Local/UnrealEngine/Common/DerivedDataCache/9/8/9/STREAMEDAUDIO_BC6E92FBBD314E3B9B9EC6778749EB5E_OGG00000000_4_E3508CD8437A479DDB60ADAC0659CF79.udd" 2355
"C:/Users/EddieJr/AppData/Local/UnrealEngine/Common/DerivedDataCache/5/6/3/MATSM_0BA69734E4FD45E082FA4560DBE25454_PCD3D_SM5_8__BC5N_NOCCBN_NOIRIS_DEV_SL___C32D29FB82187EAA0F16F3D081069D08DFEA4505.udd" 2356
"C:/Users/EddieJr/AppData/Local/UnrealEngine/Common/DerivedDataCache/4/1/8/TEXTURE_E01F4250BECD420DA9CE63B5EECEC2C2_OODLE_AUTODXT_11_2F26CB5247432CAACDCA__7DE16D556F2577FCCE534987D62CFD7A491638EE.udd" 2357
"C:/Users/EddieJr/AppData/Local/UnrealEngine/Common/DerivedDataCache/0/3/6/MATSM_0BA69734E4FD45E082FA4560DBE25454_PCD3D_SM5_8__BC5N_NOCCBN_NOIRIS_DEV_SL___70541A49652385F21B7916DDAF1320D3B0276373.udd" 2358
"../../../Engine/Content/EditorMaterials/PreviewShadowIndicator.uasset" 2359
"../../../Engine/Content/EditorMaterials/PreviewShadowIndicatorMaterial.uasset" 2360
"../../../Engine/Content/EngineDebugMaterials/DebugEditorMaterial.uasset" 2361
"../../../Engine/Content/EditorResources/BSPVertex.uasset" 2362
"../../../Engine/Content/EngineSounds/Submixes/MasterReverbSubmixDefault.uasset" 2363
"../../../Engine/Content/EngineSounds/Submixes/MasterReverbEffectPreset.uasset" 2364
"../../../Engine/Content/EngineSounds/Submixes/MasterEQEffectPreset.uasset" 2365
"../../../Engine/Content/EngineSounds/Submixes/MasterSubmixDefault.uasset" 2366
"../../../Engine/Content/EngineSounds/Submixes/MasterEQSubmixDefault.uasset" 2367
"../../../Engine/Content/MobileResources/HUD/T_Castle_ThumbstickOutter.uasset" 2368
"../../../Engine/Content/MobileResources/HUD/T_Castle_ThumbstickInner.uasset" 2369
"../../../Engine/Content/MobileResources/HUD/MobileHUDDirectionStick.uasset" 2370
"../../../Engine/Content/MobileResources/HUD/MobileHUDDirectionPad3.uasset" 2371
"../../../Engine/Content/MobileResources/HUD/MobileHUDDirectionPad2.uasset" 2372
"../../../Engine/Content/MobileResources/HUD/MobileHUDDirectionPad.uasset" 2373
"../../../Engine/Content/MobileResources/HUD/MobileHUDButtonFire.uasset" 2374
"../../../Engine/Content/MobileResources/HUD/MobileHUDButton3.uasset" 2375
"../../../Engine/Content/MobileResources/HUD/MobileHUDButton2_on.uasset" 2376
"../../../Engine/Content/MobileResources/HUD/MobileHUDButton2_off.uasset" 2377
"../../../Engine/Content/MobileResources/HUD/MobileHUDButton1_on.uasset" 2378
"../../../Engine/Content/MobileResources/HUD/MobileHUDButton1_off.uasset" 2379
"../../../Engine/Content/MobileResources/HUD/LeftVirtualJoystickOnly.uasset" 2380
"../../../Engine/Content/MobileResources/HUD/AnalogHat.uasset" 2381
"../../../Engine/Content/MobileResources/T_MobileMenu2.uasset" 2382
"../../../Engine/Content/MobileResources/T_MobileControls_texture.uasset" 2383
"D:/Unreal Projects/Amberial UE Remake/Amberial/Content/Widgets/MainMenu/Materials/T__MainFrame_2.uasset" 2384
"D:/Unreal Projects/Amberial UE Remake/Amberial/Content/Widgets/MainMenu/Materials/T__MainFrame.uasset" 2385
"D:/Unreal Projects/Amberial UE Remake/Amberial/Content/Widgets/MainMenu/Materials/T__Logo_2.uasset" 2386
"D:/Unreal Projects/Amberial UE Remake/Amberial/Content/Widgets/MainMenu/Materials/T__Logo.uasset" 2387
"D:/Unreal Projects/Amberial UE Remake/Amberial/Content/Widgets/MainMenu/Materials/T_Windowed.uasset" 2388
"D:/Unreal Projects/Amberial UE Remake/Amberial/Content/Widgets/MainMenu/Materials/T_TutorialSpringGlow.uasset" 2389
"D:/Unreal Projects/Amberial UE Remake/Amberial/Content/Widgets/MainMenu/Materials/T_TutorialSpring.uasset" 2390
"D:/Unreal Projects/Amberial UE Remake/Amberial/Content/Widgets/MainMenu/Materials/T_SFXOn.uasset" 2391
"D:/Unreal Projects/Amberial UE Remake/Amberial/Content/Widgets/MainMenu/Materials/T_SFXOff.uasset" 2392
"D:/Unreal Projects/Amberial UE Remake/Amberial/Content/Widgets/MainMenu/Materials/T_SettingsButtonHover.uasset" 2393
"D:/Unreal Projects/Amberial UE Remake/Amberial/Content/Widgets/MainMenu/Materials/T_SettingsButton.uasset" 2394
"D:/Unreal Projects/Amberial UE Remake/Amberial/Content/Widgets/MainMenu/Materials/T_ReturnHover.uasset" 2395
"D:/Unreal Projects/Amberial UE Remake/Amberial/Content/Widgets/MainMenu/Materials/T_Return.uasset" 2396
"D:/Unreal Projects/Amberial UE Remake/Amberial/Content/Widgets/MainMenu/Materials/T_PlayButtonHover.uasset" 2397
"D:/Unreal Projects/Amberial UE Remake/Amberial/Content/Widgets/MainMenu/Materials/T_PlayButton.uasset" 2398
"C:/Users/EddieJr/AppData/Local/UnrealEngine/Common/DerivedDataCache/2/5/5/TEXTURE_E01F4250BECD420DA9CE63B5EECEC2C2_OODLE_AUTODXT_11_740C37664C7A0E654D7B__2CE7496A29C89941AC1E3040A2889C70A2BE9CB5.udd" 2399
"D:/Unreal Projects/Amberial UE Remake/Amberial/Content/Widgets/MainMenu/Materials/T_NoteFrame.uasset" 2400
"C:/Users/EddieJr/AppData/Local/UnrealEngine/Common/DerivedDataCache/7/3/5/TEXTURE_E01F4250BECD420DA9CE63B5EECEC2C2_BGRA8_2B0C7EF84A2E996E8B1376BC97AC7ED__370C268BEFFF8714E77748EBB17750057E278D87.udd" 2401
"C:/Users/EddieJr/AppData/Local/UnrealEngine/Common/DerivedDataCache/2/1/0/TEXTURE_E01F4250BECD420DA9CE63B5EECEC2C2_BGRA8_E47091864514B97D285DBF9226602DA__E4DF3DB7E2B16FEBD691C4FC5758CEBE6326FD34.udd" 2402
"C:/Users/EddieJr/AppData/Local/UnrealEngine/Common/DerivedDataCache/6/9/1/TEXTURE_E01F4250BECD420DA9CE63B5EECEC2C2_BGRA8_1B173205419ED903B1305C8B534343C__C55FF319D2475D265003A23018C1BD1860CCD431.udd" 2403
"C:/Users/EddieJr/AppData/Local/UnrealEngine/Common/DerivedDataCache/8/5/0/TEXTURE_E01F4250BECD420DA9CE63B5EECEC2C2_BGRA8_E05F3C084543B162736D0982BA2C8C6__CF0004E20040D7DB863A7D2AEC9B4BA1398543EF.udd" 2404
"C:/Users/EddieJr/AppData/Local/UnrealEngine/Common/DerivedDataCache/7/5/1/TEXTURE_E01F4250BECD420DA9CE63B5EECEC2C2_BGRA8_76A3D19642B67D931780828660C060A__47037CCDE6F35468F012468D1590C5376BF15969.udd" 2405
"D:/Unreal Projects/Amberial UE Remake/Amberial/Content/Widgets/MainMenu/Materials/T_Medium.uasset" 2406
"D:/Unreal Projects/Amberial UE Remake/Amberial/Content/Widgets/MainMenu/Materials/T_Max.uasset" 2407
"D:/Unreal Projects/Amberial UE Remake/Amberial/Content/Widgets/MainMenu/Materials/T_Low.uasset" 2408
"D:/Unreal Projects/Amberial UE Remake/Amberial/Content/Widgets/MainMenu/Materials/T_High.uasset" 2409
"D:/Unreal Projects/Amberial UE Remake/Amberial/Content/Widgets/MainMenu/Materials/T_HelpSettingsFrame.uasset" 2410
"D:/Unreal Projects/Amberial UE Remake/Amberial/Content/Widgets/MainMenu/Materials/T_HelpLines.uasset" 2411
"C:/Users/EddieJr/AppData/Local/UnrealEngine/Common/DerivedDataCache/7/2/7/TEXTURE_E01F4250BECD420DA9CE63B5EECEC2C2_BGRA8_71AB7B23492BA90210527D952F9527D__0C01595350A49C35464A942257CF56546E362AD3.udd" 2412
"D:/Unreal Projects/Amberial UE Remake/Amberial/Content/Widgets/MainMenu/Materials/T_HelpButtonHover.uasset" 2413
"C:/Users/EddieJr/AppData/Local/UnrealEngine/Common/DerivedDataCache/6/2/2/TEXTURE_E01F4250BECD420DA9CE63B5EECEC2C2_BGRA8_5C496CFB46D3DB66D4825DB4D06CEC2__6761C575F6F30F0751FC3BAC13DE73D6BE9D1C22.udd" 2414
"D:/Unreal Projects/Amberial UE Remake/Amberial/Content/Widgets/MainMenu/Materials/T_HelpButton.uasset" 2415
"D:/Unreal Projects/Amberial UE Remake/Amberial/Content/Widgets/MainMenu/Materials/T_Fullscreen.uasset" 2416
"C:/Users/EddieJr/AppData/Local/UnrealEngine/Common/DerivedDataCache/6/0/8/TEXTURE_E01F4250BECD420DA9CE63B5EECEC2C2_BGRA8_43F5351E4C028622A32620B4FD1C02E__3DBFFEA8B8DA839789BE828D5D7BAF2BE2FFC5B9.udd" 2417
"C:/Users/EddieJr/AppData/Local/UnrealEngine/Common/DerivedDataCache/7/9/6/TEXTURE_E01F4250BECD420DA9CE63B5EECEC2C2_BGRA8_ADAC273C4EECF45FCA6BE99025EB8F7__E3B78106917B19248E0C18A4890EF0D0C57D09E1.udd" 2418
"D:/Unreal Projects/Amberial UE Remake/Amberial/Content/Widgets/MainMenu/Materials/T_EraseButton.uasset" 2419
"C:/Users/EddieJr/AppData/Local/UnrealEngine/Common/DerivedDataCache/1/9/1/TEXTURE_E01F4250BECD420DA9CE63B5EECEC2C2_BGRA8_613BB3454EAE0AC47C952D98E91D9CA__A081F66B966761DF2B2AC8A9ECF65D4671366E98.udd" 2420
"D:/Unreal Projects/Amberial UE Remake/Amberial/Content/Widgets/MainMenu/Materials/T_CloseButton.uasset" 2421
"C:/Users/EddieJr/AppData/Local/UnrealEngine/Common/DerivedDataCache/3/3/7/TEXTURE_E01F4250BECD420DA9CE63B5EECEC2C2_BGRA8_E6242EDD49A941D644AC9694138CE08__2DCADEDBFD84DB379586F1EAC09721BA4C1B472A.udd" 2422
"D:/Unreal Projects/Amberial UE Remake/Amberial/Content/Widgets/MainMenu/Materials/T_BorderlessOn.uasset" 2423
"C:/Users/EddieJr/AppData/Local/UnrealEngine/Common/DerivedDataCache/1/8/3/TEXTURE_E01F4250BECD420DA9CE63B5EECEC2C2_BGRA8_DE056879443651CE4FB96496102A45B__C2CD9D39B50EE75BB6DB1A77B71A1BF77948D2A5.udd" 2424
"D:/Unreal Projects/Amberial UE Remake/Amberial/Content/Widgets/MainMenu/Materials/T_BorderlessOff_2.uasset" 2425
"C:/Users/EddieJr/AppData/Local/UnrealEngine/Common/DerivedDataCache/6/7/4/TEXTURE_E01F4250BECD420DA9CE63B5EECEC2C2_BGRA8_8A0657F548A855CB22C5A497A86A79F__2BCDED4BBFCF069D72DFE397BB9FB280FA0068FD.udd" 2426
"D:/Unreal Projects/Amberial UE Remake/Amberial/Content/Widgets/MainMenu/Materials/T_BorderlessOff.uasset" 2427
"C:/Users/EddieJr/AppData/Local/UnrealEngine/Common/DerivedDataCache/9/5/5/TEXTURE_E01F4250BECD420DA9CE63B5EECEC2C2_BGRA8_F65F6DFA450ABF4F6CB7188A1C38AB4__8CFCDF2B148FFCCB3EB7FF334A28E7C1C87E84B1.udd" 2428
"D:/Unreal Projects/Amberial UE Remake/Amberial/Content/Widgets/MainMenu/Materials/T_BGMOn_2.uasset" 2429
"D:/Unreal Projects/Amberial UE Remake/Amberial/Content/Widgets/MainMenu/Materials/T_BGMOn.uasset" 2430
"C:/Users/EddieJr/AppData/Local/UnrealEngine/Common/DerivedDataCache/1/2/9/TEXTURE_E01F4250BECD420DA9CE63B5EECEC2C2_BGRA8_D6CDB9EF43A304B9D3B123B23A2C534__3C86F6EAED41FD3208A2428F56574F56FFCC8D5C.udd" 2431
"D:/Unreal Projects/Amberial UE Remake/Amberial/Content/Widgets/MainMenu/Materials/T_BGMOff_2.uasset" 2432
"C:/Users/EddieJr/AppData/Local/UnrealEngine/Common/DerivedDataCache/6/2/3/TEXTURE_E01F4250BECD420DA9CE63B5EECEC2C2_BGRA8_26DFB5B3423CABF1425B0ABB75159DB__866D40ABB3A0BD6062A307C72DD8F75AA85087E7.udd" 2433
"D:/Unreal Projects/Amberial UE Remake/Amberial/Content/Widgets/MainMenu/Materials/T_BGMOff.uasset" 2434
"C:/Users/EddieJr/AppData/Local/UnrealEngine/Common/DerivedDataCache/3/9/6/TEXTURE_E01F4250BECD420DA9CE63B5EECEC2C2_BGRA8_72A034974602E7672D24FEAE9CF8DA5__BB6890D74040F6AEF827C4E0E71FB6684E6DCF70.udd" 2435
"D:/Unreal Projects/Amberial UE Remake/Amberial/Content/Widgets/MainMenu/Materials/T_BGIcon_2.uasset" 2436
"C:/Users/EddieJr/AppData/Local/UnrealEngine/Common/DerivedDataCache/4/4/1/TEXTURE_E01F4250BECD420DA9CE63B5EECEC2C2_BGRA8_C00B3209499DDAE0013A2B8F1CFDD61__577C7F78D29341D64FDA19744DAAD94DEDF52209.udd" 2437
"D:/Unreal Projects/Amberial UE Remake/Amberial/Content/Widgets/MainMenu/Materials/T_BGIcon.uasset" 2438
"C:/Users/EddieJr/AppData/Local/UnrealEngine/Common/DerivedDataCache/1/3/9/TEXTURE_E01F4250BECD420DA9CE63B5EECEC2C2_BGRA8_B20EC7174E5033AE9AF66A9F5F75602__DCF14CE0969590EC883F9F12A1BF2F07CB41AAEE.udd" 2439
"D:/Unreal Projects/Amberial UE Remake/Amberial/Content/Widgets/MainMenu/Materials/M_RadialGradient.uasset" 2440
"../../../Engine/Content/Functions/Engine_MaterialFunctions01/Gradient/RadialGradientExponential.uasset" 2441
"../../../Engine/Content/Functions/Engine_MaterialFunctions01/Density/ExponentialDensity.uasset" 2442
"C:/Users/EddieJr/AppData/Local/UnrealEngine/Common/DerivedDataCache/7/9/6/TEXTURE_E01F4250BECD420DA9CE63B5EECEC2C2_BGRA8_0DF551E045F6DB5D3AA39B954CFD222__819C2DBD650F3A3B8BF3D896FC72CB7AC101585E.udd" 2443
"C:/Users/EddieJr/AppData/Local/UnrealEngine/Common/DerivedDataCache/5/7/7/TEXTURE_E01F4250BECD420DA9CE63B5EECEC2C2_BGRA8_353DEE7C499DA952A982FE89B720B90__0F4F6BB37A2FCC45E763D09322C5A78EB8BF1F67.udd" 2444
"C:/Users/EddieJr/AppData/Local/UnrealEngine/Common/DerivedDataCache/6/3/9/TEXTURE_E01F4250BECD420DA9CE63B5EECEC2C2_BGRA8_9BFE9E3A4ED7CE741DE84BBB8BBF519__660BB3056E4AC1EB6A08B21353C4BD4A483BC731.udd" 2445
"../../../Engine/Content/Functions/Engine_MaterialFunctions01/Gradient/LinearGradient.uasset" 2446
"D:/Unreal Projects/Amberial UE Remake/Amberial/Content/Widgets/MainMenu/Materials/M_LinearGradient.uasset" 2447
"C:/Users/EddieJr/AppData/Local/UnrealEngine/Common/DerivedDataCache/7/2/9/TEXTURE_E01F4250BECD420DA9CE63B5EECEC2C2_BGRA8_D382A6CE4137C8A55955C591437072E__06F0A14396539157AA5E5646AECDF0EC858A63DA.udd" 2448
"C:/Users/EddieJr/AppData/Local/UnrealEngine/Common/DerivedDataCache/1/9/2/TEXTURE_E01F4250BECD420DA9CE63B5EECEC2C2_BGRA8_1C688106446E5050C69310A88AD2BB1__CBC4D95E940DEC98A621D0ABCB7CFBC05F4B49B3.udd" 2449
"D:/Unreal Projects/Amberial UE Remake/Amberial/Content/Sound/UI/UISFX00_Click.uasset" 2450
"D:/Unreal Projects/Amberial UE Remake/Amberial/Content/Sound/CharactersSounds/CHSFX04_Death.uasset" 2451
"D:/Unreal Projects/Amberial UE Remake/Amberial/Content/Blueprints/MechanicsBPs/Ace/T_Ace.uasset" 2452
"D:/Unreal Projects/Amberial UE Remake/Amberial/Content/Blueprints/MechanicsBPs/AmberExit/T_AmberExit.uasset" 2453
"D:/Unreal Projects/Amberial UE Remake/Amberial/Content/Fonts/SydnieOutline_Font.uasset" 2454
"../../../Engine/Content/EditorBlueprintResources/StandardMacros.uasset" 2455
"D:/Unreal Projects/Amberial UE Remake/Amberial/Content/Widgets/MainMenu/WBP_MainMenu.uasset" 2456
"D:/Unreal Projects/Amberial UE Remake/Amberial/Content/Fonts/SydnieOutline.uasset" 2457
"C:/Users/EddieJr/AppData/Local/UnrealEngine/Common/DerivedDataCache/3/5/1/TEXTURE_E01F4250BECD420DA9CE63B5EECEC2C2_BGRA8_65312EE94438CA261A8E2D98529AE5C__04410E67D7ABE5ED3FAECD900455384C3FE07A34.udd" 2458
"C:/Users/EddieJr/AppData/Local/UnrealEngine/Common/DerivedDataCache/4/0/4/TEXTURE_E01F4250BECD420DA9CE63B5EECEC2C2_BGRA8_1DC56CDB406414761DFEF78526B11D9__3FB4E8FAE6D82AC3E55EEFBC4D84D02049A7842B.udd" 2459
"C:/Users/EddieJr/AppData/Local/UnrealEngine/Common/DerivedDataCache/0/4/9/TEXTURE_E01F4250BECD420DA9CE63B5EECEC2C2_BGRA8_128159654BE615169E1086B79B1B777__D02EBB0747EEF8130FBA939681E20E09DD880D98.udd" 2460
"C:/Users/EddieJr/AppData/Local/UnrealEngine/Common/DerivedDataCache/2/0/4/TEXTURE_E01F4250BECD420DA9CE63B5EECEC2C2_BGRA8_F67F0FFE4D02B772105FA0A5EDE5EF1__0C0F1A95CBC580A0B180D53751A87FFD26B9AB99.udd" 2461
"C:/Users/EddieJr/AppData/Local/UnrealEngine/Common/DerivedDataCache/9/3/2/TEXTURE_E01F4250BECD420DA9CE63B5EECEC2C2_BGRA8_1767B4804720BB6CFE62FF9A626F857__B16F57C802E3927495D834B86748A17DCC172531.udd" 2462
"C:/Users/EddieJr/AppData/Local/UnrealEngine/Common/DerivedDataCache/9/8/5/AUDIO_0005_0000_OGG00000000_0004_C19FB2734E9E9918E4916FBF2BBCCE41.udd" 2463
"C:/Users/EddieJr/AppData/Local/UnrealEngine/Common/DerivedDataCache/0/9/5/AUDIO_0005_0000_OGG00000000_0004_144C6F514F87C4496DBA7D86A3EEAB83.udd" 2464
"D:/Unreal Projects/Amberial UE Remake/Amberial/Content/Widgets/LoadingScreen/T_LoadingIcon.uasset" 2465
"D:/Unreal Projects/Amberial UE Remake/Amberial/Content/Widgets/LoadingScreen/WBP_AmberialLoadingScreen.uasset" 2466
"C:/Users/EddieJr/AppData/Local/UnrealEngine/Common/DerivedDataCache/5/1/0/MATSM_0BA69734E4FD45E082FA4560DBE25454_PCD3D_SM5_8__BC5N_NOCCBN_NOIRIS_DEV_SL___9C37452319105766683D759E364B42541B20A61A.udd" 2467
"D:/Unreal Projects/Amberial UE Remake/Amberial/Content/Widgets/LoadingScreen/T_LoadingBarFrame.uasset" 2468
"D:/Unreal Projects/Amberial UE Remake/Amberial/Content/Widgets/LevelSelect/Materials/T_Unlocked_L9.uasset" 2469
"C:/Users/EddieJr/AppData/Local/UnrealEngine/Common/DerivedDataCache/2/1/8/MATSM_0BA69734E4FD45E082FA4560DBE25454_PCD3D_SM5_8__BC5N_NOCCBN_NOIRIS_DEV_SL___EE1FDF54E0E2DE08D9B8FA0FDBF126D0BA16F0D6.udd" 2470
"D:/Unreal Projects/Amberial UE Remake/Amberial/Content/Widgets/LevelSelect/Materials/T_Unlocked_L8.uasset" 2471
"D:/Unreal Projects/Amberial UE Remake/Amberial/Content/Widgets/LevelSelect/Materials/T_Unlocked_L7.uasset" 2472
"D:/Unreal Projects/Amberial UE Remake/Amberial/Content/Widgets/LevelSelect/Materials/T_Unlocked_L6.uasset" 2473
"C:/Users/EddieJr/AppData/Local/UnrealEngine/Common/DerivedDataCache/7/2/5/TEXTURE_E01F4250BECD420DA9CE63B5EECEC2C2_OODLE_AUTODXT_11_B2BB0D1642BFA0CF2F3B__D06799642E2FEF3C4FD54AC90ED70D319BE99BF5.udd" 2474
"C:/Users/EddieJr/AppData/Local/UnrealEngine/Common/DerivedDataCache/2/7/6/TEXTURE_E01F4250BECD420DA9CE63B5EECEC2C2_OODLE_AUTODXT_11_B2BB0D1642BFA0CF2F3B__8D7B667B7B17DDC2774CA1A45BE8B23FF61A783D.udd" 2475
"C:/Users/EddieJr/AppData/Local/UnrealEngine/Common/DerivedDataCache/6/9/7/TEXTURE_E01F4250BECD420DA9CE63B5EECEC2C2_OODLE_AUTODXT_11_B2BB0D1642BFA0CF2F3B__FE6B8C2331C5E40ED220589C0B8B4DCEF5287D76.udd" 2476
"C:/Users/EddieJr/AppData/Local/UnrealEngine/Common/DerivedDataCache/0/9/6/TEXTURE_E01F4250BECD420DA9CE63B5EECEC2C2_OODLE_AUTODXT_11_B2BB0D1642BFA0CF2F3B__51A592D1E0BBEC4215D47C259AF1ADF77ED19CE2.udd" 2477
"C:/Users/EddieJr/AppData/Local/UnrealEngine/Common/DerivedDataCache/4/8/7/STREAMEDAUDIO_BC6E92FBBD314E3B9B9EC6778749EB5E_OGG00000000_4_C19FB2734E9E9918E4916FBF2BBCCE41.udd" 2478
"C:/Users/EddieJr/AppData/Local/UnrealEngine/Common/DerivedDataCache/4/5/5/TEXTURE_E01F4250BECD420DA9CE63B5EECEC2C2_OODLE_AUTODXT_11_B2BB0D1642BFA0CF2F3B__380E055AF402476337D32F9E78CAD70C60BD2090.udd" 2479
"D:/Unreal Projects/Amberial UE Remake/Amberial/Content/Widgets/LevelSelect/Materials/T_Unlocked_L5.uasset" 2480
"C:/Users/EddieJr/AppData/Local/UnrealEngine/Common/DerivedDataCache/5/9/3/STREAMEDAUDIO_BC6E92FBBD314E3B9B9EC6778749EB5E_OGG00000000_4_144C6F514F87C4496DBA7D86A3EEAB83.udd" 2481
"D:/Unreal Projects/Amberial UE Remake/Amberial/Content/Widgets/LevelSelect/Materials/T_Unlocked_L4.uasset" 2482
"D:/Unreal Projects/Amberial UE Remake/Amberial/Content/Widgets/LevelSelect/Materials/T_Unlocked_L3.uasset" 2483
"C:/Users/EddieJr/AppData/Local/UnrealEngine/Common/DerivedDataCache/1/9/7/TEXTURE_E01F4250BECD420DA9CE63B5EECEC2C2_BGRA8_D8251C1B44866744F13EEBAC99B6586__902142477217EC109AB59AF0E32DD2E13246C58B.udd" 2484
"D:/Unreal Projects/Amberial UE Remake/Amberial/Content/Widgets/LevelSelect/Materials/T_Unlocked_L2.uasset" 2485
"D:/Unreal Projects/Amberial UE Remake/Amberial/Content/Widgets/LevelSelect/Materials/T_Unlocked_L12.uasset" 2486
"D:/Unreal Projects/Amberial UE Remake/Amberial/Content/Widgets/LevelSelect/Materials/T_Unlocked_L11.uasset" 2487
"D:/Unreal Projects/Amberial UE Remake/Amberial/Content/Widgets/LevelSelect/Materials/T_Unlocked_L10.uasset" 2488
"D:/Unreal Projects/Amberial UE Remake/Amberial/Content/Widgets/LevelSelect/Materials/T_Unlocked_L1.uasset" 2489
"C:/Users/EddieJr/AppData/Local/UnrealEngine/Common/DerivedDataCache/1/3/7/TEXTURE_E01F4250BECD420DA9CE63B5EECEC2C2_OODLE_AUTODXT_11_75B646C84682DA30E013__3D2937BCCAEDEDFD0F046F0A8C041F799601E0FD.udd" 2490
"D:/Unreal Projects/Amberial UE Remake/Amberial/Content/Widgets/LevelSelect/Materials/T_Unlocked_A3.uasset" 2491
"C:/Users/EddieJr/AppData/Local/UnrealEngine/Common/DerivedDataCache/1/5/2/TEXTURE_E01F4250BECD420DA9CE63B5EECEC2C2_BGRA8_AE8FECAD42870567BA6F928A05BF97C__5334565A39F3B4BABB87BA40E8C64BCA6969FD4D.udd" 2492
"D:/Unreal Projects/Amberial UE Remake/Amberial/Content/Widgets/LevelSelect/WBP_LevelButton.uasset" 2493
"D:/Unreal Projects/Amberial UE Remake/Amberial/Content/Widgets/LevelSelect/Materials/T_Unlocked_A1.uasset" 2494
"D:/Unreal Projects/Amberial UE Remake/Amberial/Content/Widgets/LevelSelect/Materials/T_ThunderMedal.uasset" 2495
"D:/Unreal Projects/Amberial UE Remake/Amberial/Content/Widgets/LevelSelect/Materials/T_Rocks.uasset" 2496
"D:/Unreal Projects/Amberial UE Remake/Amberial/Content/Widgets/LevelSelect/Materials/T_Locked_L8.uasset" 2497
"D:/Unreal Projects/Amberial UE Remake/Amberial/Content/Widgets/LevelSelect/Materials/T_PassMedal.uasset" 2498
"D:/Unreal Projects/Amberial UE Remake/Amberial/Content/Widgets/LevelSelect/Materials/T_Locked_L9.uasset" 2499
"D:/Unreal Projects/Amberial UE Remake/Amberial/Content/Widgets/LevelSelect/Materials/T_Unlocked_A2.uasset" 2500
"D:/Unreal Projects/Amberial UE Remake/Amberial/Content/Widgets/LevelSelect/Materials/T_Locked_L7.uasset" 2501
"D:/Unreal Projects/Amberial UE Remake/Amberial/Content/Widgets/LevelSelect/Materials/T_Locked_L6.uasset" 2502
"D:/Unreal Projects/Amberial UE Remake/Amberial/Content/Widgets/LevelSelect/Materials/T_Locked_L5.uasset" 2503
"D:/Unreal Projects/Amberial UE Remake/Amberial/Content/Widgets/LevelSelect/Materials/T_Locked_L4.uasset" 2504
"D:/Unreal Projects/Amberial UE Remake/Amberial/Content/Widgets/LevelSelect/Materials/T_Locked_L3.uasset" 2505
"D:/Unreal Projects/Amberial UE Remake/Amberial/Content/Widgets/LevelSelect/Materials/T_Locked_L2.uasset" 2506
"D:/Unreal Projects/Amberial UE Remake/Amberial/Content/Widgets/LevelSelect/Materials/T_Locked_L12.uasset" 2507
"D:/Unreal Projects/Amberial UE Remake/Amberial/Content/Widgets/LevelSelect/Materials/T_Locked_L11.uasset" 2508
"D:/Unreal Projects/Amberial UE Remake/Amberial/Content/Widgets/LevelSelect/Materials/T_Locked_L10.uasset" 2509
"D:/Unreal Projects/Amberial UE Remake/Amberial/Content/Widgets/LevelSelect/Materials/T_Locked_A3.uasset" 2510
"D:/Unreal Projects/Amberial UE Remake/Amberial/Content/Widgets/LevelSelect/Materials/T_Locked_A2.uasset" 2511
"D:/Unreal Projects/Amberial UE Remake/Amberial/Content/Widgets/LevelSelect/Materials/T_Locked_A1.uasset" 2512
"D:/Unreal Projects/Amberial UE Remake/Amberial/Content/Widgets/LevelSelect/Materials/T_Light2.uasset" 2513
"D:/Unreal Projects/Amberial UE Remake/Amberial/Content/Widgets/LevelSelect/Materials/T_Light1.uasset" 2514
"D:/Unreal Projects/Amberial UE Remake/Amberial/Content/Widgets/LevelSelect/Materials/T_LevelTitle_L9.uasset" 2515
"D:/Unreal Projects/Amberial UE Remake/Amberial/Content/Widgets/LevelSelect/Materials/T_LevelTitle_L8.uasset" 2516
"D:/Unreal Projects/Amberial UE Remake/Amberial/Content/Widgets/LevelSelect/Materials/T_LevelTitle_L7.uasset" 2517
"D:/Unreal Projects/Amberial UE Remake/Amberial/Content/Widgets/LevelSelect/Materials/T_LevelTitle_L6.uasset" 2518
"D:/Unreal Projects/Amberial UE Remake/Amberial/Content/Widgets/LevelSelect/Materials/T_LevelTitle_L5.uasset" 2519
"D:/Unreal Projects/Amberial UE Remake/Amberial/Content/Widgets/LevelSelect/Materials/T_LevelTitle_L4.uasset" 2520
"D:/Unreal Projects/Amberial UE Remake/Amberial/Content/Widgets/LevelSelect/Materials/T_LevelTitle_L3.uasset" 2521
"D:/Unreal Projects/Amberial UE Remake/Amberial/Content/Widgets/LevelSelect/Materials/T_LevelTitle_L2.uasset" 2522
"D:/Unreal Projects/Amberial UE Remake/Amberial/Content/Widgets/LevelSelect/Materials/T_LevelTitle_L12.uasset" 2523
"D:/Unreal Projects/Amberial UE Remake/Amberial/Content/Widgets/LevelSelect/Materials/T_LevelTitle_L11.uasset" 2524
"D:/Unreal Projects/Amberial UE Remake/Amberial/Content/Widgets/LevelSelect/Materials/T_LevelTitle_L10.uasset" 2525
"D:/Unreal Projects/Amberial UE Remake/Amberial/Content/Widgets/LevelSelect/Materials/T_LevelTitle_L1.uasset" 2526
"D:/Unreal Projects/Amberial UE Remake/Amberial/Content/Widgets/LevelSelect/Materials/T_LevelTitle_A3.uasset" 2527
"D:/Unreal Projects/Amberial UE Remake/Amberial/Content/Widgets/LevelSelect/Materials/T_LevelTitle_A2.uasset" 2528
"D:/Unreal Projects/Amberial UE Remake/Amberial/Content/Widgets/LevelSelect/Materials/T_LevelTitle_A1.uasset" 2529
"D:/Unreal Projects/Amberial UE Remake/Amberial/Content/Widgets/LevelSelect/Materials/T_LevelFlowLines.uasset" 2530
"D:/Unreal Projects/Amberial UE Remake/Amberial/Content/Widgets/LevelSelect/Materials/T_LevelDisplay.uasset" 2531
"D:/Unreal Projects/Amberial UE Remake/Amberial/Content/Widgets/LevelSelect/Materials/T_Arrow.uasset" 2532
"D:/Unreal Projects/Amberial UE Remake/Amberial/Content/Widgets/LevelSelect/Materials/T_AceMedal.uasset" 2533
"D:/Unreal Projects/Amberial UE Remake/Amberial/Content/Widgets/LevelSelect/WBP_LevelSelect.uasset" 2534
"D:/Unreal Projects/Amberial UE Remake/Amberial/Content/Sound/BGM/BGM02_LevelSelect.uasset" 2535
"D:/Unreal Projects/Amberial UE Remake/Amberial/Content/Maps/L_LevelSelect.umap" 2536
"C:/Users/EddieJr/AppData/Local/UnrealEngine/Common/DerivedDataCache/1/3/3/TEXTURE_E01F4250BECD420DA9CE63B5EECEC2C2_BGRA8_FDA322CD42C1A46EE92A1C9BCFB07F8__E8114A371AC81BD4F7AAC0363A9CED09FC6261C7.udd" 2537
"C:/Users/EddieJr/AppData/Local/UnrealEngine/Common/DerivedDataCache/6/6/1/TEXTURE_E01F4250BECD420DA9CE63B5EECEC2C2_BGRA8_AF8A73FC4C6582A48AD58AB026630B8__14DF4CC2EED393DE8E5DCDF20866A77312DE16AD.udd" 2538
"C:/Users/EddieJr/AppData/Local/UnrealEngine/Common/DerivedDataCache/8/0/8/TEXTURE_E01F4250BECD420DA9CE63B5EECEC2C2_BGRA8_D70CC32B429AEF883B9F5D9ADD6B64C__4FBCB0991601DC30AF95F49E2ACB9E05393D8563.udd" 2539
"C:/Users/EddieJr/AppData/Local/UnrealEngine/Common/DerivedDataCache/3/9/7/TEXTURE_E01F4250BECD420DA9CE63B5EECEC2C2_BGRA8_276AEB874879EB204B4F3CAAAD138C6__94165B2E92E58EF74323A616438519DA8C332812.udd" 2540
"C:/Users/EddieJr/AppData/Local/UnrealEngine/Common/DerivedDataCache/4/5/7/TEXTURE_E01F4250BECD420DA9CE63B5EECEC2C2_BGRA8_B265403A41872AA84C4BFAB86FD4815__C7468AC5E1DEBB093E3D1136F48A158C2470BE52.udd" 2541
"C:/Users/EddieJr/AppData/Local/UnrealEngine/Common/DerivedDataCache/4/1/5/TEXTURE_E01F4250BECD420DA9CE63B5EECEC2C2_BGRA8_C2EC204C473BE051258DDDA7DFA7F43__A788287B874675D579EF5BB52C7328426CEA99D6.udd" 2542
"C:/Users/EddieJr/AppData/Local/UnrealEngine/Common/DerivedDataCache/5/8/0/TEXTURE_E01F4250BECD420DA9CE63B5EECEC2C2_BGRA8_44DEC73943C3C70C9E870F9AEC51306__9A490647B7927D9FAFFBB554AC3FB1439719999E.udd" 2543
"C:/Users/EddieJr/AppData/Local/UnrealEngine/Common/DerivedDataCache/3/8/6/TEXTURE_E01F4250BECD420DA9CE63B5EECEC2C2_BGRA8_C3A669504CDFCC0F8ED9949EE1D7E4D__4F5109BF222640F02FF1A1651294C0396A3C7B64.udd" 2544
"C:/Users/EddieJr/AppData/Local/UnrealEngine/Common/DerivedDataCache/9/0/6/TEXTURE_E01F4250BECD420DA9CE63B5EECEC2C2_BGRA8_6044CB71458A516400AEF6A0EA1DE9B__F6B3C6593540DD717FC8038C72D12522E974A3C3.udd" 2545
"C:/Users/EddieJr/AppData/Local/UnrealEngine/Common/DerivedDataCache/1/7/6/TEXTURE_E01F4250BECD420DA9CE63B5EECEC2C2_BGRA8_D2DE73154FDD8C958FC763888674C50__7522A6416D66D5C469D50E1FB9F0708DD5A49648.udd" 2546
"C:/Users/EddieJr/AppData/Local/UnrealEngine/Common/DerivedDataCache/2/1/4/TEXTURE_E01F4250BECD420DA9CE63B5EECEC2C2_BGRA8_BBB244BB4FEA4D5E7E7146BC123F464__94223101E899E8AC5DC586BA0F8C5DE55410D6A2.udd" 2547
"C:/Users/EddieJr/AppData/Local/UnrealEngine/Common/DerivedDataCache/0/6/9/TEXTURE_E01F4250BECD420DA9CE63B5EECEC2C2_BGRA8_114F958F46121150EE5EE2A170E5D3E__75A3055C1FD980B7ADE7DA55CF071E62F482FB97.udd" 2548
"C:/Users/EddieJr/AppData/Local/UnrealEngine/Common/DerivedDataCache/1/3/8/TEXTURE_E01F4250BECD420DA9CE63B5EECEC2C2_BGRA8_A448F5BE44DF8ECB65B3D8925992E98__4C712405CC408A8CB315982D6B98653DBACE2FFA.udd" 2549
"C:/Users/EddieJr/AppData/Local/UnrealEngine/Common/DerivedDataCache/4/9/8/TEXTURE_E01F4250BECD420DA9CE63B5EECEC2C2_BGRA8_68956F4C4B4B2BA6CC8AA0AB2384445__69E8490A15DE96373F83F4230E746B5C02128283.udd" 2550
"C:/Users/EddieJr/AppData/Local/UnrealEngine/Common/DerivedDataCache/9/4/8/TEXTURE_E01F4250BECD420DA9CE63B5EECEC2C2_BGRA8_56E9877E4011409918A255A4762AE79__3DDD5FA6FCFF3F70458C22BEE80FF60CD2D9C6C2.udd" 2551
"C:/Users/EddieJr/AppData/Local/UnrealEngine/Common/DerivedDataCache/8/0/9/TEXTURE_E01F4250BECD420DA9CE63B5EECEC2C2_BGRA8_E09DFFC24F6370FD294FDD950C2BDC4__17AE2C658E77FB049AAAA9744EA17CAACAE0823C.udd" 2552
"C:/Users/EddieJr/AppData/Local/UnrealEngine/Common/DerivedDataCache/9/6/8/TEXTURE_E01F4250BECD420DA9CE63B5EECEC2C2_BGRA8_2513333F4F679AD3400857BFE0323AB__A01BEB42C6C57E30747BCB744FD3F36AF91749B2.udd" 2553
"C:/Users/EddieJr/AppData/Local/UnrealEngine/Common/DerivedDataCache/8/9/0/TEXTURE_E01F4250BECD420DA9CE63B5EECEC2C2_BGRA8_75E1CE0C40352FCA0D253286123FB0C__56EBF9498B635185D9B99C0408F2E7690F7ED424.udd" 2554
"C:/Users/EddieJr/AppData/Local/UnrealEngine/Common/DerivedDataCache/6/1/2/TEXTURE_E01F4250BECD420DA9CE63B5EECEC2C2_BGRA8_2231ED7646BFB97195CAABA7F2ABF3E__19E1EEFB38A75607B8CD62BA17EA0078CA4E0F25.udd" 2555
"C:/Users/EddieJr/AppData/Local/UnrealEngine/Common/DerivedDataCache/5/5/7/TEXTURE_E01F4250BECD420DA9CE63B5EECEC2C2_BGRA8_039884C249E52882A23C0EAB3A758D5__E7EBAB0AFD94B4D43E2FD3A8492E45C367A61517.udd" 2556
"C:/Users/EddieJr/AppData/Local/UnrealEngine/Common/DerivedDataCache/2/9/1/TEXTURE_E01F4250BECD420DA9CE63B5EECEC2C2_BGRA8_CF29E1D640681AA6913A988219E804E__BC3B80BB658C099B23F8E94BAEFA85D8E40351A1.udd" 2557
"C:/Users/EddieJr/AppData/Local/UnrealEngine/Common/DerivedDataCache/5/0/0/TEXTURE_E01F4250BECD420DA9CE63B5EECEC2C2_BGRA8_2D4E0AF94D7BB05536996E9AB114B95__CB2B7C0EBEB865B22D55B780C415F9B568D9AEBB.udd" 2558
"C:/Users/EddieJr/AppData/Local/UnrealEngine/Common/DerivedDataCache/3/7/7/TEXTURE_E01F4250BECD420DA9CE63B5EECEC2C2_BGRA8_9D3EE6444DFCA553AB5D288EC8173AC__4DB97FF7319BA6E7A3F36B3280C2754600792C12.udd" 2559
"C:/Users/EddieJr/AppData/Local/UnrealEngine/Common/DerivedDataCache/6/8/3/TEXTURE_E01F4250BECD420DA9CE63B5EECEC2C2_BGRA8_291C33264209F0F48D7E6EACAFF21D0__84785ABBBC5AB5D7D8FC3CB496D46361C23D8CE2.udd" 2560
"C:/Users/EddieJr/AppData/Local/UnrealEngine/Common/DerivedDataCache/7/6/7/TEXTURE_E01F4250BECD420DA9CE63B5EECEC2C2_BGRA8_74DD19AB498F246229D031A56775231__428AB173C5743C6980BBDCFCA8EE008C22F4BEF7.udd" 2561
"C:/Users/EddieJr/AppData/Local/UnrealEngine/Common/DerivedDataCache/4/7/6/TEXTURE_E01F4250BECD420DA9CE63B5EECEC2C2_BGRA8_9B856E0F4DF2B50BF71F8BABA2E352C__A96F862B2FBDA8AE32F69D4169D26A5FFB7A6DF3.udd" 2562
"C:/Users/EddieJr/AppData/Local/UnrealEngine/Common/DerivedDataCache/8/8/9/TEXTURE_E01F4250BECD420DA9CE63B5EECEC2C2_BGRA8_682AD87D4CBA31C2A1DA37BD60CF1A8__B473C93B3DAC8D9CA2D6399DFC5BF428391E62C3.udd" 2563
"C:/Users/EddieJr/AppData/Local/UnrealEngine/Common/DerivedDataCache/6/5/6/TEXTURE_E01F4250BECD420DA9CE63B5EECEC2C2_BGRA8_772F798F4EA383AFF96338A3B417683__F7B998B39843975DF27D53620157FD99A6C53D08.udd" 2564
"C:/Users/EddieJr/AppData/Local/UnrealEngine/Common/DerivedDataCache/3/4/9/TEXTURE_E01F4250BECD420DA9CE63B5EECEC2C2_BGRA8_89DF94DC4E1A99CF37859A8DFC3E6FE__87154C98477DFD57A5681A5A52EB044FA171B4E8.udd" 2565
"C:/Users/EddieJr/AppData/Local/UnrealEngine/Common/DerivedDataCache/8/0/2/TEXTURE_E01F4250BECD420DA9CE63B5EECEC2C2_BGRA8_2CF9045240BC5ACD57E6938D26D5455__D6D000DFF27C485390F0F09F7DB8A1663E27DE96.udd" 2566
"C:/Users/EddieJr/AppData/Local/UnrealEngine/Common/DerivedDataCache/3/8/8/TEXTURE_E01F4250BECD420DA9CE63B5EECEC2C2_BGRA8_564A912B46C99E4CD67838B3C37C50D__764E1C7E5DA2494BA27F326CCAB70496ED6C4683.udd" 2567
"C:/Users/EddieJr/AppData/Local/UnrealEngine/Common/DerivedDataCache/2/0/7/TEXTURE_E01F4250BECD420DA9CE63B5EECEC2C2_BGRA8_BE7516794C3752D4920FB5BD2352A75__4BC1823A53CD2C2B1A2074590634837E39C56106.udd" 2568
"C:/Users/EddieJr/AppData/Local/UnrealEngine/Common/DerivedDataCache/5/4/4/TEXTURE_E01F4250BECD420DA9CE63B5EECEC2C2_BGRA8_EE0DE048430A75044976E790FC9D558__EE2D8132F32EC09DD4B11DAA5F73C225767E335D.udd" 2569
"C:/Users/EddieJr/AppData/Local/UnrealEngine/Common/DerivedDataCache/0/8/3/TEXTURE_E01F4250BECD420DA9CE63B5EECEC2C2_BGRA8_BBC22B9E4EDE7EF12EE0D9A26B95E28__E74F93805BC17EB205DEC484D603EDF8905C81D3.udd" 2570
"C:/Users/EddieJr/AppData/Local/UnrealEngine/Common/DerivedDataCache/8/3/1/TEXTURE_E01F4250BECD420DA9CE63B5EECEC2C2_BGRA8_7C119C454C74A3B91FCD75818F11C90__0747E34F6FE08272227595511675DAB8B512DB3C.udd" 2571
"C:/Users/EddieJr/AppData/Local/UnrealEngine/Common/DerivedDataCache/2/9/6/TEXTURE_E01F4250BECD420DA9CE63B5EECEC2C2_BGRA8_9F813A6C445DD9DD4A3143832BA3016__0A58849AE6F507846A408F75F7C729CE012B5922.udd" 2572
"C:/Users/EddieJr/AppData/Local/UnrealEngine/Common/DerivedDataCache/5/7/7/TEXTURE_E01F4250BECD420DA9CE63B5EECEC2C2_BGRA8_14D9B6C841847C232B6E5E8569544E8__F349B74703E228152B397B96EABED313A1E3E7BD.udd" 2573
"C:/Users/EddieJr/AppData/Local/UnrealEngine/Common/DerivedDataCache/3/7/4/TEXTURE_E01F4250BECD420DA9CE63B5EECEC2C2_BGRA8_DC1A254A4F1959EDED922985704D318__1CACAA1FCA116B49B629ED7780695357BEE9EAD2.udd" 2574
"C:/Users/EddieJr/AppData/Local/UnrealEngine/Common/DerivedDataCache/9/9/3/TEXTURE_E01F4250BECD420DA9CE63B5EECEC2C2_BGRA8_79229E554BA3C1CFD8670A8853C6CBB__ACDF1B9409AA7B49B4519CF9525E77364577941F.udd" 2575
"C:/Users/EddieJr/AppData/Local/UnrealEngine/Common/DerivedDataCache/1/3/6/TEXTURE_E01F4250BECD420DA9CE63B5EECEC2C2_BGRA8_77E9A3B24FBEA159D782728F027E3BD__298C6E6723A41124CE12408C3C1A71197DE4280B.udd" 2576
"C:/Users/EddieJr/AppData/Local/UnrealEngine/Common/DerivedDataCache/6/8/1/TEXTURE_E01F4250BECD420DA9CE63B5EECEC2C2_BGRA8_1176798B4E19872B1B1DC8809DEA3B2__3131302420979EECE5C20367A4C76D8D3406C137.udd" 2577
"C:/Users/EddieJr/AppData/Local/UnrealEngine/Common/DerivedDataCache/8/3/6/TEXTURE_E01F4250BECD420DA9CE63B5EECEC2C2_BGRA8_4AAE1B13407090BDA4B8D7A3B607D2D__CF341867D0386C1F3189CE6D399FEA5EEAB53EA0.udd" 2578
"C:/Users/EddieJr/AppData/Local/UnrealEngine/Common/DerivedDataCache/9/8/8/TEXTURE_E01F4250BECD420DA9CE63B5EECEC2C2_BGRA8_FC4A07624C2B3DFC13EA4B822C30168__F75226F2ADCA0D1FDBC44EB7DA09C33AAB7CB136.udd" 2579
"C:/Users/EddieJr/AppData/Local/UnrealEngine/Common/DerivedDataCache/0/3/8/TEXTURE_E01F4250BECD420DA9CE63B5EECEC2C2_BGRA8_ED415F0B4C31C946E24D4B96AA37FFC__139C9A941F8CE5A41D690591710BC7AED2E75C91.udd" 2580
"C:/Users/EddieJr/AppData/Local/UnrealEngine/Common/DerivedDataCache/2/6/7/TEXTURE_E01F4250BECD420DA9CE63B5EECEC2C2_BGRA8_D04621E0486B9EEAF2F569A211A81BA__464706E2312DD31287816FD1939328FB15E8BCF9.udd" 2581
"C:/Users/EddieJr/AppData/Local/UnrealEngine/Common/DerivedDataCache/1/4/8/TEXTURE_E01F4250BECD420DA9CE63B5EECEC2C2_BGRA8_CD23AADB4D291969938A698DC8D9569__95C2B24268871687716A39A903FED036393689B9.udd" 2582
"C:/Users/EddieJr/AppData/Local/UnrealEngine/Common/DerivedDataCache/0/5/2/TEXTURE_E01F4250BECD420DA9CE63B5EECEC2C2_BGRA8_F0F2EDA148CF329A46C5C588C50B0BE__97DB0876722F8B1D201A1BB726FB1DD51DE944A3.udd" 2583
"C:/Users/EddieJr/AppData/Local/UnrealEngine/Common/DerivedDataCache/6/5/5/TEXTURE_E01F4250BECD420DA9CE63B5EECEC2C2_BGRA8_54BFE5D3454C0AD6086B3680DAD0645__626AAAF188CDD27C0A0959B1ED2A0EFE676A89AA.udd" 2584
"D:/Unreal Projects/Amberial UE Remake/Amberial/Content/Widgets/LevelSelect/Materials/T_LevelPositionGuide.uasset" 2585
"D:/Unreal Projects/Amberial UE Remake/Amberial/Content/Widgets/LevelHUD/Materials/T_TimeDisplay.uasset" 2586
"D:/Unreal Projects/Amberial UE Remake/Amberial/Content/Widgets/LevelHUD/WBP_LevelHUD.uasset" 2587
"D:/Unreal Projects/Amberial UE Remake/Amberial/Content/Widgets/LevelFinish/T_ThunderIcon.uasset" 2588
"D:/Unreal Projects/Amberial UE Remake/Amberial/Content/Widgets/LevelFinish/T_BaseButton.uasset" 2589
"D:/Unreal Projects/Amberial UE Remake/Amberial/Content/Sound/UI/UISFX01_Thunder.uasset" 2590
"D:/Unreal Projects/Amberial UE Remake/Amberial/Content/Blueprints/MechanicsBPs/HUDSpawner/BP_HUDSpawner.uasset" 2591
"D:/Unreal Projects/Amberial UE Remake/Amberial/Content/Widgets/LevelFinish/WBP_LevelFinished.uasset" 2592
"C:/Users/EddieJr/AppData/Local/UnrealEngine/Common/DerivedDataCache/8/9/4/AUDIO_0005_0000_OGG00000000_0004_235843544E6487A26CD267B193900793.udd" 2593
"../../../../../../Unreal Projects/Amberial UE Remake/Amberial/Content/Maps/L_LevelSelect.umap" 2594
"C:/Users/EddieJr/AppData/Local/UnrealEngine/Common/DerivedDataCache/9/5/8/TEXTURE_E01F4250BECD420DA9CE63B5EECEC2C2_BGRA8_9DFD330B49220857C116E3BD0757141__5612DD18383D60504DBF980227081D9104CC084B.udd" 2595
"C:/Users/EddieJr/AppData/Local/UnrealEngine/Common/DerivedDataCache/6/7/1/TEXTURE_E01F4250BECD420DA9CE63B5EECEC2C2_BGRA8_F2D09AC241F438F7CA658BB046FAFC5__52760099F69BF05C0C5BC3E248D8708FC9D2A037.udd" 2596
"D:/Unreal Projects/Amberial UE Remake/Amberial/Content/Widgets/AmorGamesSplash/WBP_ArmorSplash.uasset" 2597
"D:/Unreal Projects/Amberial UE Remake/Amberial/Content/Movies/ArmorIntroVideo/FMS_AmorIntro.uasset" 2598
"D:/Unreal Projects/Amberial UE Remake/Amberial/Content/Movies/ArmorIntroVideo/MT_ArmorIntro.uasset" 2599
"D:/Unreal Projects/Amberial UE Remake/Amberial/Content/Movies/ArmorIntroVideo/M_ArmorIntro.uasset" 2600
"D:/Unreal Projects/Amberial UE Remake/Amberial/Content/Movies/ArmorIntroVideo/MP_ArmorIntro.uasset" 2601
"C:/Users/EddieJr/AppData/Local/UnrealEngine/Common/DerivedDataCache/3/3/5/TEXTURE_E01F4250BECD420DA9CE63B5EECEC2C2_BGRA8_94B1E3754EDF2A7C62223E8793A1CB5__4811AEE4AC513D647EA7D5A161C953E69D799DBC.udd" 2602
"C:/Users/EddieJr/AppData/Local/UnrealEngine/Common/DerivedDataCache/1/6/2/TEXTURE_E01F4250BECD420DA9CE63B5EECEC2C2_BGRA8_4BF000944F530713B9F671851902590__BF99FABFEC3280BE3346E08BD75EE2EFAB2EA37D.udd" 2603
"C:/Users/EddieJr/AppData/Local/UnrealEngine/Common/DerivedDataCache/1/2/3/TEXTURE_E01F4250BECD420DA9CE63B5EECEC2C2_BGRA8_95B13086483D780887E24FB30B239D9__92C0B260E87EB8002EFAECC58E042D5CF455FD4B.udd" 2604
"../../../Engine/Content/Maps/Entry.umap" 2605
"../../../Engine/Content/Maps/Entry_BuiltData.uasset" 2606
"C:/Users/EddieJr/AppData/Local/UnrealEngine/Common/DerivedDataCache/2/5/7/AUDIO_0005_0000_OGG00000000_0004_BFB88FE94BF962E59A40D6BE39D83F69.udd" 2607
"C:/Users/EddieJr/AppData/Local/UnrealEngine/Common/DerivedDataCache/8/1/8/TEXTURE_E01F4250BECD420DA9CE63B5EECEC2C2_BGRA8_67C3EF01478CC35EF2AAE29E10FA6AB__41598FC5B8072FFA8AABF740B11B92087D9785D5.udd" 2608
"C:/Users/EddieJr/AppData/Local/UnrealEngine/Common/DerivedDataCache/6/4/0/STREAMEDAUDIO_BC6E92FBBD314E3B9B9EC6778749EB5E_OGG00000000_4_235843544E6487A26CD267B193900793.udd" 2609
"D:/Unreal Projects/Amberial UE Remake/Amberial/Content/Sound/BGM/BGM06_Level4.uasset" 2610
"D:/Unreal Projects/Amberial UE Remake/Amberial/Content/Maps/GlobalProps/T_PlatformsGradient.uasset" 2611
"D:/Unreal Projects/Amberial UE Remake/Amberial/Content/Maps/GlobalProps/MI_PlatformGradient.uasset" 2612
"../../../Engine/Content/MapTemplates/daylight.uasset" 2613
"D:/Unreal Projects/Amberial UE Remake/Amberial/Content/Maps/L1_Movement101/SM_Platform.uasset" 2614
"D:/Unreal Projects/Amberial UE Remake/Amberial/Content/Maps/L1_Movement101/MI_LightBulb.uasset" 2615
"D:/Unreal Projects/Amberial UE Remake/Amberial/Content/Maps/L1_Movement101/MI_LightPole.uasset" 2616
"D:/Unreal Projects/Amberial UE Remake/Amberial/Content/Maps/L1_Movement101/SM_LightPole.uasset" 2617
"../../../Engine/Plugins/FX/Niagara/Content/DefaultAssets/DefaultSpriteMaterial.uasset" 2618
"../../../Engine/Plugins/FX/Niagara/Content/VectorFields/Assets/TilingCurl32.uasset" 2619
"D:/Unreal Projects/Amberial UE Remake/Amberial/Content/Maps/L1_Movement101/NS_Stars.uasset" 2620
"D:/Unreal Projects/Amberial UE Remake/Amberial/Content/Blueprints/MechanicsBPs/PlayerStartIcon/M_PlayerStartIcon.uasset" 2621
"D:/Unreal Projects/Amberial UE Remake/Amberial/Content/Blueprints/MechanicsBPs/PlayerStartIcon/BP_PlayerStartIcon.uasset" 2622
"D:/Unreal Projects/Amberial UE Remake/Amberial/Content/Maps/L1_Movement101/T_SpotlightGradient.uasset" 2623
"D:/Unreal Projects/Amberial UE Remake/Amberial/Content/Maps/L1_Movement101/M_SpotlightPlane.uasset" 2624
"D:/Unreal Projects/Amberial UE Remake/Amberial/Content/Maps/L1_Movement101/MI_SpotlightPlane.uasset" 2625
"C:/Users/EddieJr/AppData/Local/UnrealEngine/Common/DerivedDataCache/6/7/0/AUDIO_0005_0000_OGG00000000_0004_FB079C2049B340D28AE98A94D4629236.udd" 2626
"D:/Unreal Projects/Amberial UE Remake/Amberial/Content/Maps/L1_Movement101/SM_Spotlight.uasset" 2627
"D:/Unreal Projects/Amberial UE Remake/Amberial/Content/Blueprints/MechanicsBPs/FlickeringLights/BP_FlickeringLight.uasset" 2628
"C:/Users/EddieJr/AppData/Local/UnrealEngine/Common/DerivedDataCache/5/9/9/MATSM_0BA69734E4FD45E082FA4560DBE25454_PCD3D_SM5_8__BC5N_NOCCBN_NOIRIS_DEV_SL___6C98680684746FB6EB6E7C42A7A88A71DDDD8BD9.udd" 2629
"D:/Unreal Projects/Amberial UE Remake/Amberial/Content/Sound/GameMechanics/SFX00_Win.uasset" 2630
"C:/Users/EddieJr/AppData/Local/UnrealEngine/Common/DerivedDataCache/1/2/6/STATICMESH_9CE2B6FB46754B699726C4AA1515F12E_228332BAE0224DD294E232B87D83948FQU__71247A1156DD303E76BEC90348FA2B6ADCC0E47E.udd" 2631
"C:/Users/EddieJr/AppData/Local/UnrealEngine/Common/DerivedDataCache/3/9/3/PHYSX_A08609EF508D460CBB6710540B03AACF_PHYSXPC_904A9ADD4D45324319012B947B296A5__E3F656CD6EF058DCA34A696FCEDDE504659A04C2.udd" 2632
"C:/Users/EddieJr/AppData/Local/UnrealEngine/Common/DerivedDataCache/3/5/0/NAVCOLLISION_2983273BE5D6425391E8C0B3D1C0A55D_NAVCOLLISION_X_904A9ADD4D4532431__D48E67B59E690A5E6125135480BA68998A4C8189.udd" 2633
"D:/Unreal Projects/Amberial UE Remake/Amberial/Content/Characters/CH01_AmberBall/M_AmberBallWin.uasset" 2634
"C:/Users/EddieJr/AppData/Local/UnrealEngine/Common/DerivedDataCache/5/1/1/MATSM_0BA69734E4FD45E082FA4560DBE25454_PCD3D_SM5_8__BC5N_NOCCBN_NOIRIS_DEV_SL___FE1104F8FCA10B190D7C2E01BF1467CD469BD8AC.udd" 2635
"D:/Unreal Projects/Amberial UE Remake/Amberial/Content/Characters/CH01_AmberBall/BP_PlayerWinAnimation.uasset" 2636
"D:/Unreal Projects/Amberial UE Remake/Amberial/Content/Blueprints/MechanicsBPs/AmberExit/MI_AmberExit.uasset" 2637
"C:/Users/EddieJr/AppData/Local/UnrealEngine/Common/DerivedDataCache/1/4/7/STATICMESH_9CE2B6FB46754B699726C4AA1515F12E_228332BAE0224DD294E232B87D83948FQU__A54E06E32310A65212D2D6D8F33BED2C8CC34D5D.udd" 2638
"C:/Users/EddieJr/AppData/Local/UnrealEngine/Common/DerivedDataCache/3/9/0/PHYSX_A08609EF508D460CBB6710540B03AACF_PHYSXPC_314A7FCF4AA1AA5910205E94AE5E112__A9EBF4F5778BF9E94FDAC74D989BA8B56E32ED6B.udd" 2639
"C:/Users/EddieJr/AppData/Local/UnrealEngine/Common/DerivedDataCache/0/6/4/NAVCOLLISION_2983273BE5D6425391E8C0B3D1C0A55D_NAVCOLLISION_X_314A7FCF4AA1AA591__7A35AA7F18D1CEE48EF01106CE64FA8725F69AEB.udd" 2640
"D:/Unreal Projects/Amberial UE Remake/Amberial/Content/Blueprints/MechanicsBPs/AmberExit/BP_AmberExit.uasset" 2641
"D:/Unreal Projects/Amberial UE Remake/Amberial/Content/Sound/GameMechanics/SFX01_Ace.uasset" 2642
"D:/Unreal Projects/Amberial UE Remake/Amberial/Content/Blueprints/MechanicsBPs/Ace/M_AceIcon.uasset" 2643
"D:/Unreal Projects/Amberial UE Remake/Amberial/Content/Blueprints/MechanicsBPs/Ace/M_AceSquare.uasset" 2644
"../../Plugins/FX/Niagara/Content/DynamicInputs/TypeConversions/Vector2DFromFloat.uasset" 2645
"../../Plugins/FX/Niagara/Content/DynamicInputs/UniformRange/V2/RandomRangeFloat.uasset" 2646
"../../Plugins/FX/Niagara/Content/Modules/Spawn/Location/BoxLocation.uasset" 2647
"../../Plugins/FX/Niagara/Content/Functions/IsolateLongestVectorComponent.uasset" 2648
"../../Plugins/FX/Niagara/Content/Functions/RandomPointInBox.uasset" 2649
"../../Plugins/FX/Niagara/Content/Functions/Rotation/RotateAngleOnAxis.uasset" 2650
"../../Plugins/FX/Niagara/Content/Enums/ENiagaraExpansionMode.uasset" 2651
"../../Plugins/FX/Niagara/Content/Modules/Spawn/Location/V2/SphereLocation.uasset" 2652
"../../Plugins/FX/Niagara/Content/Functions/Rotation/FindQuatBetween.uasset" 2653
"../../Plugins/FX/Niagara/Content/Functions/Rotation/MultiplyVectorWithQuaternion.uasset" 2654
"../../Plugins/FX/Niagara/Content/Functions/SphericalToCartesianCoordinates.uasset" 2655
"../../Plugins/FX/Niagara/Content/Functions/V2/CalculateRandomPointInSphere.uasset" 2656
"../../Plugins/FX/Niagara/Content/Enums/ENiagaraSphereDistributionMode.uasset" 2657
"../../Plugins/FX/Niagara/Content/Modules/Update/Forces/Drag.uasset" 2658
"../../Plugins/FX/Niagara/Content/Modules/Update/Forces/V2/CurlNoiseForce.uasset" 2659
"../../Plugins/FX/Niagara/Content/Functions/Localspace/TransformPosition.uasset" 2660
"../../Plugins/FX/Niagara/Content/Functions/V2/ConeMask.uasset" 2661
"../../Plugins/FX/Niagara/Content/Functions/FindAngleBetweenVectors.uasset" 2662
"../../Plugins/FX/Niagara/Content/Functions/V2/RemapRange.uasset" 2663
"../../Plugins/FX/Niagara/Content/Enums/ENiagaraCurlNoiseQuality.uasset" 2664
"../../Plugins/FX/Niagara/Content/VectorFields/Assets/TilingCurl16.uasset" 2665
"../../Plugins/FX/Niagara/Content/VectorFields/Assets/TilingCurl64.uasset" 2666
"../../Plugins/FX/Niagara/Content/Modules/Update/Size/ScaleSpriteSize.uasset" 2667
"../../Plugins/FX/Niagara/Content/Enums/SpriteRenderer/ENiagara_ScaleSpriteSize.uasset" 2668
"../../../Engine/Plugins/FX/Niagara/Shaders/Private/NiagaraDataInterfaceDebugDraw.ush" 2669
"C:/Users/EddieJr/AppData/Local/UnrealEngine/Common/DerivedDataCache/2/2/7/NIAGARASCRIPTDERIVEDDATA_179023FDDDD444DE97F61296909C2990_2_14_000000000000000__7006AFC602FBA7EA7D13E2A2D3DEEBEEAD8D1BC0.udd" 2670
"C:/Users/EddieJr/AppData/Local/UnrealEngine/Common/DerivedDataCache/7/1/4/NIAGARASCRIPTDERIVEDDATA_179023FDDDD444DE97F61296909C2990_2_15_000000000000000__ADC1E1ACC1928A7557C36F804E4BF93B1220D864.udd" 2671
"C:/Users/EddieJr/AppData/Local/UnrealEngine/Common/DerivedDataCache/2/9/6/NIAGARASCRIPTDERIVEDDATA_179023FDDDD444DE97F61296909C2990_2_111_00000000000000__6115CEA8B61B8CFBD67CF3150AD37A223E1C2A22.udd" 2672
"C:/Users/EddieJr/AppData/Local/UnrealEngine/Common/DerivedDataCache/8/5/1/NIAGARASCRIPTDERIVEDDATA_179023FDDDD444DE97F61296909C2990_2_112_00000000000000__CDB8BFA903DE63A25CD2B1F72892BEC26988A43B.udd" 2673
"D:/Unreal Projects/Amberial UE Remake/Amberial/Content/Blueprints/MechanicsBPs/Ace/SM_AceIcon.uasset" 2674
"D:/Unreal Projects/Amberial UE Remake/Amberial/Content/Blueprints/MechanicsBPs/Ace/SM_AceSquare.uasset" 2675
"D:/Unreal Projects/Amberial UE Remake/Amberial/Content/Blueprints/MechanicsBPs/Ace/BP_AceGetAnim.uasset" 2676
"D:/Unreal Projects/Amberial UE Remake/Amberial/Content/Blueprints/MechanicsBPs/Ace/BP_AcePickup.uasset" 2677
"D:/Unreal Projects/Amberial UE Remake/Amberial/Content/Blueprints/MechanicsBPs/FixedCamera/BP_FollowCamera.uasset" 2678
"D:/Unreal Projects/Amberial UE Remake/Amberial/Content/Maps/A3_TowerOfGlory.umap" 2679
"C:/Users/EddieJr/AppData/Local/UnrealEngine/Common/DerivedDataCache/5/6/2/STATICMESH_9CE2B6FB46754B699726C4AA1515F12E_228332BAE0224DD294E232B87D83948FQU__FEC09D74C9C09BF9A7109137A0A0E1119A27F556.udd" 2680
"C:/Users/EddieJr/AppData/Local/UnrealEngine/Common/DerivedDataCache/4/8/2/PHYSX_A08609EF508D460CBB6710540B03AACF_PHYSXPC_C575A1C447D5C52A4BD7E49DE313108__5225D9BFBEC891710C85112D04A51B075CDE38E4.udd" 2681
"C:/Users/EddieJr/AppData/Local/UnrealEngine/Common/DerivedDataCache/3/8/5/NAVCOLLISION_2983273BE5D6425391E8C0B3D1C0A55D_NAVCOLLISION_X_C575A1C447D5C52A4__A7690073A5DC02FFE6B9A02CAA241380432B2C06.udd" 2682
"C:/Users/EddieJr/AppData/Local/UnrealEngine/Common/DerivedDataCache/5/9/3/AUDIO_0005_0000_OGG00000000_0004_6CC3C8274DA8B79462D5D6A21A5CB43D.udd" 2683
"C:/Users/EddieJr/AppData/Local/UnrealEngine/Common/DerivedDataCache/3/5/3/MATSM_0BA69734E4FD45E082FA4560DBE25454_PCD3D_SM5_8__BC5N_NOCCBN_NOIRIS_DEV_SL___938153F1043F92955AE260D5FBA24F34CC379174.udd" 2684
"C:/Users/EddieJr/AppData/Local/UnrealEngine/Common/DerivedDataCache/0/0/4/AUDIO_0005_0000_OGG00000000_0004_CEC646B84A4B2EEB50E1EE9A6044D8C7.udd" 2685
"C:/Users/EddieJr/AppData/Local/UnrealEngine/Common/DerivedDataCache/9/8/8/TEXTURE_E01F4250BECD420DA9CE63B5EECEC2C2_BGRA8_D6648EE84E3C6512F222829BEB13222__9EA51096424E2A6CA6481E22BDA7AE0F41A42348.udd" 2686
"C:/Users/EddieJr/AppData/Local/UnrealEngine/Common/DerivedDataCache/3/5/0/TEXTURE_E01F4250BECD420DA9CE63B5EECEC2C2_BGRA8_593C1BCF4E4A3DAB941550A12700C05__EB812467051B361302811A940051DAD5004D74C1.udd" 2687
"C:/Users/EddieJr/AppData/Local/UnrealEngine/Common/DerivedDataCache/8/1/5/TEXTURE_E01F4250BECD420DA9CE63B5EECEC2C2_BGRA8_613FF6064BFC89B38E2D61A8DFB76F4__13500C60154A9DEABF799F4D8EA39BA590B95DBB.udd" 2688
"C:/Users/EddieJr/AppData/Local/UnrealEngine/Common/DerivedDataCache/8/5/5/STREAMEDAUDIO_BC6E92FBBD314E3B9B9EC6778749EB5E_OGG00000000_4_BFB88FE94BF962E59A40D6BE39D83F69.udd" 2689
"C:/Users/EddieJr/AppData/Local/UnrealEngine/Common/DerivedDataCache/9/0/4/MATSM_0BA69734E4FD45E082FA4560DBE25454_PCD3D_SM5_8__BC5N_NOCCBN_NOIRIS_DEV_SL___D3B7F0D72381E79D6E2C74060D4AC5A1E4AA2B85.udd" 2690
"C:/Users/EddieJr/AppData/Local/UnrealEngine/Common/DerivedDataCache/2/7/2/TEXTURE_E01F4250BECD420DA9CE63B5EECEC2C2_OODLE_AUTODXT_11_9CED9A824354BD226F99__61E615267897266CD42295B6CD777C7DC835EE1F.udd" 2691
"C:/Users/EddieJr/AppData/Local/UnrealEngine/Common/DerivedDataCache/0/5/7/TEXTURE_E01F4250BECD420DA9CE63B5EECEC2C2_OODLE_AUTODXT_11_9CED9A824354BD226F99__EAEC0FAAC749C055F6F58EFA536375925DC5258A.udd" 2692
"C:/Users/EddieJr/AppData/Local/UnrealEngine/Common/DerivedDataCache/8/6/3/TEXTURE_E01F4250BECD420DA9CE63B5EECEC2C2_OODLE_AUTODXT_11_9CED9A824354BD226F99__85C4804190E28F0174D70F37E6DDFCEDBA183A12.udd" 2693
"C:/Users/EddieJr/AppData/Local/UnrealEngine/Common/DerivedDataCache/3/3/8/TEXTURE_E01F4250BECD420DA9CE63B5EECEC2C2_OODLE_AUTODXT_11_9CED9A824354BD226F99__611A7C9AE9C230B54C3988AF6C35FB0B48605792.udd" 2694
"C:/Users/EddieJr/AppData/Local/UnrealEngine/Common/DerivedDataCache/8/3/9/TEXTURE_E01F4250BECD420DA9CE63B5EECEC2C2_OODLE_AUTODXT_11_9CED9A824354BD226F99__EFA470C84028BD70144837C5253652B75B874D7C.udd" 2695
"C:/Users/EddieJr/AppData/Local/UnrealEngine/Common/DerivedDataCache/4/0/0/STREAMEDAUDIO_BC6E92FBBD314E3B9B9EC6778749EB5E_OGG00000000_4_FB079C2049B340D28AE98A94D4629236.udd" 2696
"C:/Users/EddieJr/AppData/Local/UnrealEngine/Common/DerivedDataCache/4/4/2/MATSM_0BA69734E4FD45E082FA4560DBE25454_PCD3D_SM5_8__BC5N_NOCCBN_NOIRIS_DEV_SL___494C68A3CE0BADBC5BBCF2F3A02F8D8836FFB0BD.udd" 2697
"C:/Users/EddieJr/AppData/Local/UnrealEngine/Common/DerivedDataCache/3/6/9/MATSM_0BA69734E4FD45E082FA4560DBE25454_PCD3D_SM5_8__BC5N_NOCCBN_NOIRIS_DEV_SL___535C984A782B10A4A57314A1518A6FAFCC3B3A91.udd" 2698
"C:/Users/EddieJr/AppData/Local/UnrealEngine/Common/DerivedDataCache/9/9/4/TEXTURE_E01F4250BECD420DA9CE63B5EECEC2C2_OODLE_AUTODXT_11_DF5829614ED50DCBA25F__78CBF3BEAC1392219DE1D8DEA2126A7FE54E9973.udd" 2699
"C:/Users/EddieJr/AppData/Local/UnrealEngine/Common/DerivedDataCache/6/9/9/TEXTURE_E01F4250BECD420DA9CE63B5EECEC2C2_OODLE_AUTODXT_11_DF5829614ED50DCBA25F__5E5D246A44B3E7D7B8506FC1201B9B6AF864AEB1.udd" 2700
"C:/Users/EddieJr/AppData/Local/UnrealEngine/Common/DerivedDataCache/8/8/5/TEXTURE_E01F4250BECD420DA9CE63B5EECEC2C2_OODLE_AUTODXT_11_DF5829614ED50DCBA25F__E9FEDE263FA98C0BEBE433A1E8CB614E83FDF963.udd" 2701
"C:/Users/EddieJr/AppData/Local/UnrealEngine/Common/DerivedDataCache/2/4/5/TEXTURE_E01F4250BECD420DA9CE63B5EECEC2C2_OODLE_AUTODXT_11_DF5829614ED50DCBA25F__345AA2171574893D68A5CC344AE3A809BA71ECB7.udd" 2702
"C:/Users/EddieJr/AppData/Local/UnrealEngine/Common/DerivedDataCache/2/7/3/TEXTURE_E01F4250BECD420DA9CE63B5EECEC2C2_OODLE_AUTODXT_11_DF5829614ED50DCBA25F__67C97BB384BAAC93590C24F9C36E00C9B3127FD0.udd" 2703
"C:/Users/EddieJr/AppData/Local/UnrealEngine/Common/DerivedDataCache/2/2/6/MATSM_0BA69734E4FD45E082FA4560DBE25454_PCD3D_SM5_8__BC5N_NOCCBN_NOIRIS_DEV_SL___B0927A4CB2DEE67E4DEE7EC8326F3305ECC3F111.udd" 2704
"D:/Unreal Projects/Amberial UE Remake/Amberial/Content/Maps/L11_TheHideout.umap" 2705
"D:/Unreal Projects/Amberial UE Remake/Amberial/Content/Sound/BGM/BGM08_Level6.uasset" 2706
"C:/Users/EddieJr/AppData/Local/UnrealEngine/Common/DerivedDataCache/4/2/4/MATSM_0BA69734E4FD45E082FA4560DBE25454_PCD3D_SM5_8__BC5N_NOCCBN_NOIRIS_DEV_SL___151231622247FA91101481474AF49418C3C753BF.udd" 2707
"C:/Users/EddieJr/AppData/Local/UnrealEngine/Common/DerivedDataCache/3/1/9/STREAMEDAUDIO_BC6E92FBBD314E3B9B9EC6778749EB5E_OGG00000000_4_6CC3C8274DA8B79462D5D6A21A5CB43D.udd" 2708
"D:/Unreal Projects/Amberial UE Remake/Amberial/Content/Maps/L10_CrystalFortress.umap" 2709
"C:/Users/EddieJr/AppData/Local/UnrealEngine/Common/DerivedDataCache/5/4/9/STATICMESH_9CE2B6FB46754B699726C4AA1515F12E_228332BAE0224DD294E232B87D83948FQU__1299FB461B887E4FED13C980B698D9A2CCC84C79.udd" 2710
"C:/Users/EddieJr/AppData/Local/UnrealEngine/Common/DerivedDataCache/8/2/2/PHYSX_A08609EF508D460CBB6710540B03AACF_PHYSXPC_6F5A389A4B88F624C79113A36B6D626__739298D0520285932FBD1C9261D01DBC47255F94.udd" 2711
"C:/Users/EddieJr/AppData/Local/UnrealEngine/Common/DerivedDataCache/9/1/3/NAVCOLLISION_2983273BE5D6425391E8C0B3D1C0A55D_NAVCOLLISION_X_6F5A389A4B88F624C__09D2878AD9E63B37B6047D416896003A0ACDFB75.udd" 2712
"../../../Engine/Content/MapTemplates/Sky/DaylightAmbientCubemap.uasset" 2713
"D:/Unreal Projects/Amberial UE Remake/Amberial/Content/Blueprints/MechanicsBPs/Obstacles/M_RedLava.uasset" 2714
"D:/Unreal Projects/Amberial UE Remake/Amberial/Content/Characters/CH01_AmberBall/T_BrokenHoops.uasset" 2715
"D:/Unreal Projects/Amberial UE Remake/Amberial/Content/Characters/CH01_AmberBall/T_amberBallBase.uasset" 2716
"D:/Unreal Projects/Amberial UE Remake/Amberial/Content/Characters/CH01_AmberBall/NS_PlayerDeathHoops.uasset" 2717
"D:/Unreal Projects/Amberial UE Remake/Amberial/Content/Characters/CH01_AmberBall/SM_AmberBall_DM.uasset" 2718
"D:/Unreal Projects/Amberial UE Remake/Amberial/Content/Characters/CH01_AmberBall/MI_BrokenHoops.uasset" 2719
"D:/Unreal Projects/Amberial UE Remake/Amberial/Content/Characters/CH01_AmberBall/MI_AmberBallBroken.uasset" 2720
"C:/Users/EddieJr/AppData/Local/UnrealEngine/Common/DerivedDataCache/3/3/1/STATICMESH_9CE2B6FB46754B699726C4AA1515F12E_228332BAE0224DD294E232B87D83948FQU__B482591D2D939EFD9D5B4E26E4F131990D1015F8.udd" 2721
"C:/Users/EddieJr/AppData/Local/UnrealEngine/Common/DerivedDataCache/6/3/0/PHYSX_A08609EF508D460CBB6710540B03AACF_PHYSXPC_A8BDF7BD43D6DBBE51A8CB916F2510A__B9F998CE9BCCE6F3411934630E75B2099AB55FFA.udd" 2722
"C:/Users/EddieJr/AppData/Local/UnrealEngine/Common/DerivedDataCache/7/9/1/NAVCOLLISION_2983273BE5D6425391E8C0B3D1C0A55D_NAVCOLLISION_X_A8BDF7BD43D6DBBE5__1B459008373C74F54593895BACCB5F08D6C88B83.udd" 2723
"D:/Unreal Projects/Amberial UE Remake/Amberial/Content/Characters/CH01_AmberBall/BP_PlayerDeathCameraShake.uasset" 2724
"D:/Unreal Projects/Amberial UE Remake/Amberial/Content/Characters/CH01_AmberBall/BP_PlayerDeathAnim.uasset" 2725
"D:/Unreal Projects/Amberial UE Remake/Amberial/Content/Blueprints/MechanicsBPs/Obstacles/BP_Obstacle.uasset" 2726
"D:/Unreal Projects/Amberial UE Remake/Amberial/Content/Blueprints/MechanicsBPs/LevelHintText/BP_LevelHintSpawner.uasset" 2727
"../../../../../../Unreal Projects/Amberial UE Remake/Amberial/Content/Maps/A3_TowerOfGlory.umap" 2728
"C:/Users/EddieJr/AppData/Local/UnrealEngine/Common/DerivedDataCache/0/5/8/PHYSX_A08609EF508D460CBB6710540B03AACF_PHYSXPC_72EC7EC14486027D40F1489143058F44__1_0_0_0_2_13315_0.udd" 2729
"D:/Unreal Projects/Amberial UE Remake/Amberial/Content/Maps/GlobalProps/MI_Vines.uasset" 2730
"C:/Users/EddieJr/AppData/Local/UnrealEngine/Common/DerivedDataCache/5/1/9/AUDIO_0005_0000_OGG00000000_0004_DE40059F45AB0DE2C41AF084832F6633.udd" 2731
"D:/Unreal Projects/Amberial UE Remake/Amberial/Content/Maps/GlobalProps/MI_VineFlowers.uasset" 2732
"../../../../../../Unreal Projects/Amberial UE Remake/Amberial/Content/Maps/L11_TheHideout.umap" 2733
"C:/Users/EddieJr/AppData/Local/UnrealEngine/Common/DerivedDataCache/0/3/4/PHYSX_A08609EF508D460CBB6710540B03AACF_PHYSXPC_4FBFBD33403E5CCAE14DF68068CD9F33__1_0_0_0_2_13315_0.udd" 2734
"D:/Unreal Projects/Amberial UE Remake/Amberial/Content/Maps/GlobalProps/SM_VineSet_005.uasset" 2735
"../../../../../../Unreal Projects/Amberial UE Remake/Amberial/Content/Maps/L10_CrystalFortress.umap" 2736
"C:/Users/EddieJr/AppData/Local/UnrealEngine/Common/DerivedDataCache/5/9/2/PHYSX_A08609EF508D460CBB6710540B03AACF_PHYSXPC_6E6F50244A51C3D1A45F98A24F0FCE3F__1_0_0_0_2_13315_0.udd" 2737
"D:/Unreal Projects/Amberial UE Remake/Amberial/Content/Maps/GlobalProps/SM_VineSet_004.uasset" 2738
"D:/Unreal Projects/Amberial UE Remake/Amberial/Content/Maps/GlobalProps/SM_VineSet_003.uasset" 2739
"D:/Unreal Projects/Amberial UE Remake/Amberial/Content/Maps/GlobalProps/SM_VineSet_002.uasset" 2740
"D:/Unreal Projects/Amberial UE Remake/Amberial/Content/Maps/GlobalProps/SM_VineSet_001.uasset" 2741
"D:/Unreal Projects/Amberial UE Remake/Amberial/Content/Maps/GlobalProps/MI_YellowFlowerBulb.uasset" 2742
"../../Plugins/FX/Niagara/Content/DynamicInputs/Helpers/SimulationPosition.uasset" 2743
"../../Plugins/FX/Niagara/Content/Modules/Spawn/Velocity/AddVelocityFromPoint.uasset" 2744
"../../Plugins/FX/Niagara/Content/Functions/DistanceBasedFalloff.uasset" 2745
"../../Plugins/FX/Niagara/Content/Functions/NormalizeDistanceRange.uasset" 2746
"../../Plugins/FX/Niagara/Content/Functions/RandomVector.uasset" 2747
"../../Plugins/FX/Niagara/Content/Functions/RandomUnitVector.uasset" 2748
"../../Plugins/FX/Niagara/Content/Modules/Update/Forces/GravityForce.uasset" 2749
"C:/Users/EddieJr/AppData/Local/UnrealEngine/Common/DerivedDataCache/2/5/1/NIAGARASCRIPTDERIVEDDATA_179023FDDDD444DE97F61296909C2990_2_14_000000000000000__EBBFBC1E000B8555091A9EDDE9B45EE65DE1AC9D.udd" 2750
"C:/Users/EddieJr/AppData/Local/UnrealEngine/Common/DerivedDataCache/0/1/4/NIAGARASCRIPTDERIVEDDATA_179023FDDDD444DE97F61296909C2990_2_15_000000000000000__869C73252F333EAAFE93B228E52A6C8DEF475066.udd" 2751
"C:/Users/EddieJr/AppData/Local/UnrealEngine/Common/DerivedDataCache/2/1/3/NIAGARASCRIPTDERIVEDDATA_179023FDDDD444DE97F61296909C2990_2_111_00000000000000__3BBD2ACB7D50578772EFEBE5994315245639DE3D.udd" 2752
"C:/Users/EddieJr/AppData/Local/UnrealEngine/Common/DerivedDataCache/2/0/8/NIAGARASCRIPTDERIVEDDATA_179023FDDDD444DE97F61296909C2990_2_112_00000000000000__1E6099261D9160D1769704ECFDAE8BD503280874.udd" 2753
"D:/Unreal Projects/Amberial UE Remake/Amberial/Content/Maps/GlobalProps/SM_VineSet_000.uasset" 2754
"D:/Unreal Projects/Amberial UE Remake/Amberial/Content/Maps/GlobalProps/MI_SpringOuter.uasset" 2755
"D:/Unreal Projects/Amberial UE Remake/Amberial/Content/Maps/GlobalProps/MI_SpringLightTopPurple.uasset" 2756
"C:/Users/EddieJr/AppData/Local/UnrealEngine/Common/DerivedDataCache/7/1/7/SKELETALMESH_91550326BADA436B92C8BF16C910465C_A9018CCA4C38E2F04615B3A49410BFEB__2B4EC4C02C5B1E3B525836CC8B633DA2787DBE32.udd" 2757
"D:/Unreal Projects/Amberial UE Remake/Amberial/Content/Maps/GlobalProps/MI_SpringLightBottomPurple.uasset" 2758
"D:/Unreal Projects/Amberial UE Remake/Amberial/Content/Maps/GlobalProps/MI_SpringDetails.uasset" 2759
"D:/Unreal Projects/Amberial UE Remake/Amberial/Content/Maps/GlobalProps/MI_SpringBase.uasset" 2760
"D:/Unreal Projects/Amberial UE Remake/Amberial/Content/Maps/GlobalProps/SM_SpringPurple.uasset" 2761
"D:/Unreal Projects/Amberial UE Remake/Amberial/Content/Maps/GlobalProps/MI_SpringLightTopGreen.uasset" 2762
"D:/Unreal Projects/Amberial UE Remake/Amberial/Content/Maps/GlobalProps/MI_SpringLightBottomGreen.uasset" 2763
"D:/Unreal Projects/Amberial UE Remake/Amberial/Content/Maps/GlobalProps/SM_SpringGreen.uasset" 2764
"C:/Users/EddieJr/AppData/Local/UnrealEngine/Common/DerivedDataCache/7/6/8/STATICMESH_9CE2B6FB46754B699726C4AA1515F12E_228332BAE0224DD294E232B87D83948FQU__21C7138B4A4F0CF0FA17623641E9C19A420630AA.udd" 2765
"C:/Users/EddieJr/AppData/Local/UnrealEngine/Common/DerivedDataCache/3/0/8/PHYSX_A08609EF508D460CBB6710540B03AACF_PHYSXPC_D8C23AD74BDA8108B3C8F1832FD8B9B__A1C8B8F2184D4B45C8A82826D73A4EDAF0E468D2.udd" 2766
"C:/Users/EddieJr/AppData/Local/UnrealEngine/Common/DerivedDataCache/3/9/7/NAVCOLLISION_2983273BE5D6425391E8C0B3D1C0A55D_NAVCOLLISION_X_D8C23AD74BDA8108B__22782059F30FBFEC51C9861BF114563D06063B62.udd" 2767
"D:/Unreal Projects/Amberial UE Remake/Amberial/Content/Maps/GlobalProps/MI_RockLight.uasset" 2768
"C:/Users/EddieJr/AppData/Local/UnrealEngine/Common/DerivedDataCache/5/1/1/STATICMESH_9CE2B6FB46754B699726C4AA1515F12E_228332BAE0224DD294E232B87D83948FQU__129D935A0F1C93860218BD9C3EF916ACD0A4D46E.udd" 2769
"C:/Users/EddieJr/AppData/Local/UnrealEngine/Common/DerivedDataCache/2/1/1/PHYSX_A08609EF508D460CBB6710540B03AACF_PHYSXPC_DB9F81DE4A2231BBD53ECFA2786B292__C6DE682A1062D6B82B847D870A74FC69DEE26EC5.udd" 2770
"C:/Users/EddieJr/AppData/Local/UnrealEngine/Common/DerivedDataCache/4/4/9/NAVCOLLISION_2983273BE5D6425391E8C0B3D1C0A55D_NAVCOLLISION_X_DB9F81DE4A2231BBD__E40E01E0FDA0CE27127F5644B79EE5DE1B337DF0.udd" 2771
"D:/Unreal Projects/Amberial UE Remake/Amberial/Content/Maps/GlobalProps/MI_Rock.uasset" 2772
"C:/Users/EddieJr/AppData/Local/UnrealEngine/Common/DerivedDataCache/1/9/3/STATICMESH_9CE2B6FB46754B699726C4AA1515F12E_228332BAE0224DD294E232B87D83948FQU__B9033262219DD03F59354AA80416DF3E77D21B8F.udd" 2773
"C:/Users/EddieJr/AppData/Local/UnrealEngine/Common/DerivedDataCache/8/3/3/PHYSX_A08609EF508D460CBB6710540B03AACF_PHYSXPC_4FFFE9544E8113BE01C76E939028188__4F355DAA36B7A176A00686C09ECB5D08F43FDC93.udd" 2774
"C:/Users/EddieJr/AppData/Local/UnrealEngine/Common/DerivedDataCache/1/9/4/NAVCOLLISION_2983273BE5D6425391E8C0B3D1C0A55D_NAVCOLLISION_X_4FFFE9544E8113BE0__51D09E52CC1CBD1C42FEF1E4EFE8557BA431DB7E.udd" 2775
"D:/Unreal Projects/Amberial UE Remake/Amberial/Content/Maps/GlobalProps/SM_Rock_005_1.uasset" 2776
"C:/Users/EddieJr/AppData/Local/UnrealEngine/Common/DerivedDataCache/5/8/7/STATICMESH_9CE2B6FB46754B699726C4AA1515F12E_228332BAE0224DD294E232B87D83948FQU__C46AD6E178E8F7104D0E4E84FFF0D26D1DA16293.udd" 2777
"C:/Users/EddieJr/AppData/Local/UnrealEngine/Common/DerivedDataCache/4/1/0/PHYSX_A08609EF508D460CBB6710540B03AACF_PHYSXPC_5983582444B95492C9B83F8099A8C3A__5EBF358D1DA4CDD179C19DFF3BEEFA3408B24AFE.udd" 2778
"C:/Users/EddieJr/AppData/Local/UnrealEngine/Common/DerivedDataCache/8/8/9/NAVCOLLISION_2983273BE5D6425391E8C0B3D1C0A55D_NAVCOLLISION_X_5983582444B95492C__4AA856C4F7C777AF431082C80B804617955B78D8.udd" 2779
"D:/Unreal Projects/Amberial UE Remake/Amberial/Content/Maps/GlobalProps/SM_Rock_005.uasset" 2780
"C:/Users/EddieJr/AppData/Local/UnrealEngine/Common/DerivedDataCache/5/3/5/STATICMESH_9CE2B6FB46754B699726C4AA1515F12E_228332BAE0224DD294E232B87D83948FQU__0658C1E2F3E5E985BB667332574C7BCB796E42F0.udd" 2781
"C:/Users/EddieJr/AppData/Local/UnrealEngine/Common/DerivedDataCache/6/9/2/PHYSX_A08609EF508D460CBB6710540B03AACF_PHYSXPC_E3130CAC4B0DF6B5D59F7E867685711__36D5F989D322407E65278ED8FC49BB1CDBED0D25.udd" 2782
"C:/Users/EddieJr/AppData/Local/UnrealEngine/Common/DerivedDataCache/8/2/4/NAVCOLLISION_2983273BE5D6425391E8C0B3D1C0A55D_NAVCOLLISION_X_E3130CAC4B0DF6B5D__DE251333A3E7A05B2B0A96C2647EB3F378924E0D.udd" 2783
"D:/Unreal Projects/Amberial UE Remake/Amberial/Content/Maps/GlobalProps/SM_Rock_004_2.uasset" 2784
"D:/Unreal Projects/Amberial UE Remake/Amberial/Content/Maps/GlobalProps/SM_Rock_004_1.uasset" 2785
"C:/Users/EddieJr/AppData/Local/UnrealEngine/Common/DerivedDataCache/6/0/5/STATICMESH_9CE2B6FB46754B699726C4AA1515F12E_228332BAE0224DD294E232B87D83948FQU__7A377E005FA5874A6091DFB643F6906CAB88E33E.udd" 2786
"C:/Users/EddieJr/AppData/Local/UnrealEngine/Common/DerivedDataCache/7/4/7/PHYSX_A08609EF508D460CBB6710540B03AACF_PHYSXPC_22372C1E47F883C13B8EE9A34B2BB22__8722FC0530AB50FF41B13B32A1939F47D95B04BB.udd" 2787
"C:/Users/EddieJr/AppData/Local/UnrealEngine/Common/DerivedDataCache/8/6/5/NAVCOLLISION_2983273BE5D6425391E8C0B3D1C0A55D_NAVCOLLISION_X_22372C1E47F883C13__8488732F531C8C59C3E7751D0457F02BB9439C5E.udd" 2788
"D:/Unreal Projects/Amberial UE Remake/Amberial/Content/Maps/GlobalProps/SM_Rock_004.uasset" 2789
"D:/Unreal Projects/Amberial UE Remake/Amberial/Content/Maps/GlobalProps/MI_RockHighlight.uasset" 2790
"D:/Unreal Projects/Amberial UE Remake/Amberial/Content/Maps/GlobalProps/SM_Rock_003.uasset" 2791
"D:/Unreal Projects/Amberial UE Remake/Amberial/Content/Maps/GlobalProps/SM_Rock_002.uasset" 2792
"D:/Unreal Projects/Amberial UE Remake/Amberial/Content/Maps/GlobalProps/SM_Rock_001.uasset" 2793
"D:/Unreal Projects/Amberial UE Remake/Amberial/Content/Maps/GlobalProps/SM_Rock_000.uasset" 2794
"C:/Users/EddieJr/AppData/Local/UnrealEngine/Common/DerivedDataCache/8/5/9/STATICMESH_9CE2B6FB46754B699726C4AA1515F12E_228332BAE0224DD294E232B87D83948FQU__C2F9B5FE27A281AC1F4117B851110F66E28B737B.udd" 2795
"C:/Users/EddieJr/AppData/Local/UnrealEngine/Common/DerivedDataCache/1/3/9/PHYSX_A08609EF508D460CBB6710540B03AACF_PHYSXPC_ED2CC63F457568FC25E8D8BDE1C9DFB__4205B2CCED5D54B874E8F60017D4D3202811ECD7.udd" 2796
"C:/Users/EddieJr/AppData/Local/UnrealEngine/Common/DerivedDataCache/3/9/3/NAVCOLLISION_2983273BE5D6425391E8C0B3D1C0A55D_NAVCOLLISION_X_ED2CC63F457568FC2__4B29A808C25CB363F0B77E9A5D2FC71551555ED2.udd" 2797
"D:/Unreal Projects/Amberial UE Remake/Amberial/Content/Sound/GameMechanics/SFX04_SpringDown.uasset" 2798
"D:/Unreal Projects/Amberial UE Remake/Amberial/Content/Sound/GameMechanics/SFX03_SpringUP.uasset" 2799
"D:/Unreal Projects/Amberial UE Remake/Amberial/Content/Blueprints/MechanicsBPs/Spring/PM_Spring.uasset" 2800
"C:/Users/EddieJr/AppData/Local/UnrealEngine/Common/DerivedDataCache/5/3/2/STATICMESH_9CE2B6FB46754B699726C4AA1515F12E_228332BAE0224DD294E232B87D83948FQU__7A12FD4F190C0B9AB9FBCE0969E929187BDFDA74.udd" 2801
"C:/Users/EddieJr/AppData/Local/UnrealEngine/Common/DerivedDataCache/0/2/6/PHYSX_A08609EF508D460CBB6710540B03AACF_PHYSXPC_D44FA0EC4623FDEF560063838BD6A7F__8C2B0E2C7855ECD33DD1F3EB885DAA82B83128B9.udd" 2802
"C:/Users/EddieJr/AppData/Local/UnrealEngine/Common/DerivedDataCache/9/1/0/NAVCOLLISION_2983273BE5D6425391E8C0B3D1C0A55D_NAVCOLLISION_X_D44FA0EC4623FDEF5__5C618E502DD546AFB72293E3794B5245806C013F.udd" 2803
"D:/Unreal Projects/Amberial UE Remake/Amberial/Content/Blueprints/MechanicsBPs/Spring/BP_Spring.uasset" 2804
"D:/Unreal Projects/Amberial UE Remake/Amberial/Content/Blueprints/MechanicsBPs/LevelHintText/DT_LevelHintText.uasset" 2805
"D:/Unreal Projects/Amberial UE Remake/Amberial/Content/Maps/L2_FirstSprings/WBP_L2Text.uasset" 2806
"C:/Users/EddieJr/AppData/Local/UnrealEngine/Common/DerivedDataCache/4/8/1/STATICMESH_9CE2B6FB46754B699726C4AA1515F12E_228332BAE0224DD294E232B87D83948FQU__B73D09CF2D3638AA8EBBBBC632C3FF102CE92C65.udd" 2807
"C:/Users/EddieJr/AppData/Local/UnrealEngine/Common/DerivedDataCache/1/3/5/PHYSX_A08609EF508D460CBB6710540B03AACF_PHYSXPC_0C46CADD44A6891A5ED5E3A4D8175B8__12EABDFC2F3100CB52B6F539BC5A9A75182ABBA1.udd" 2808
"C:/Users/EddieJr/AppData/Local/UnrealEngine/Common/DerivedDataCache/8/9/6/NAVCOLLISION_2983273BE5D6425391E8C0B3D1C0A55D_NAVCOLLISION_X_0C46CADD44A6891A5__9A51F6DC86C9E4E4B8DD98C5B654133FF1F317C0.udd" 2809
"D:/Unreal Projects/Amberial UE Remake/Amberial/Content/Maps/L2_FirstSprings/L2_FirstSprings_BuiltData.uasset" 2810
"C:/Users/EddieJr/AppData/Local/UnrealEngine/Common/DerivedDataCache/6/5/3/STATICMESH_9CE2B6FB46754B699726C4AA1515F12E_228332BAE0224DD294E232B87D83948FQU__0B3641D1F3AE401929909D57302FFF5F10B94250.udd" 2811
"C:/Users/EddieJr/AppData/Local/UnrealEngine/Common/DerivedDataCache/5/7/9/PHYSX_A08609EF508D460CBB6710540B03AACF_PHYSXPC_31101065480A3F47C5C0F5810E27802__C478784554C18E14247A3C88F7FE0CF0F8884A31.udd" 2812
"C:/Users/EddieJr/AppData/Local/UnrealEngine/Common/DerivedDataCache/2/1/3/NAVCOLLISION_2983273BE5D6425391E8C0B3D1C0A55D_NAVCOLLISION_X_31101065480A3F47C__E21CC7423E71CAF632D336C271965BF35D461469.udd" 2813
"D:/Unreal Projects/Amberial UE Remake/Amberial/Content/Sound/BGM/BGM11_Level9.uasset" 2814
"C:/Users/EddieJr/AppData/Local/UnrealEngine/Common/DerivedDataCache/5/5/3/STATICMESH_9CE2B6FB46754B699726C4AA1515F12E_228332BAE0224DD294E232B87D83948FQU__FD2834181846224917F5190DB8D6C9D151D024B9.udd" 2815
"C:/Users/EddieJr/AppData/Local/UnrealEngine/Common/DerivedDataCache/8/4/4/PHYSX_A08609EF508D460CBB6710540B03AACF_PHYSXPC_09A62B734D3E231EBB17CFA943206AA__19994A105FEC4EAA1956825468C2B477D5261FC2.udd" 2816
"C:/Users/EddieJr/AppData/Local/UnrealEngine/Common/DerivedDataCache/9/3/5/NAVCOLLISION_2983273BE5D6425391E8C0B3D1C0A55D_NAVCOLLISION_X_09A62B734D3E231EB__FE224572833CBECCA123BDDA983A489198D0DB2C.udd" 2817
"D:/Unreal Projects/Amberial UE Remake/Amberial/Content/Maps/L2_FirstSprings/L2_FirstSprings.umap" 2818
"C:/Users/EddieJr/AppData/Local/UnrealEngine/Common/DerivedDataCache/2/0/7/STATICMESH_9CE2B6FB46754B699726C4AA1515F12E_228332BAE0224DD294E232B87D83948FQU__CE7FDB188860526C6A9233161B54AF7E42868810.udd" 2819
"C:/Users/EddieJr/AppData/Local/UnrealEngine/Common/DerivedDataCache/7/7/8/PHYSX_A08609EF508D460CBB6710540B03AACF_PHYSXPC_BCE7EABF454457E95102A7B66842777__442735B0B3EF754A516D653733F756F111C1F6D2.udd" 2820
"C:/Users/EddieJr/AppData/Local/UnrealEngine/Common/DerivedDataCache/2/2/0/NAVCOLLISION_2983273BE5D6425391E8C0B3D1C0A55D_NAVCOLLISION_X_BCE7EABF454457E95__4B2A380C62B162E73509DD507561B205F84B1CD4.udd" 2821
"C:/Users/EddieJr/AppData/Local/UnrealEngine/Common/DerivedDataCache/4/3/1/STATICMESH_9CE2B6FB46754B699726C4AA1515F12E_228332BAE0224DD294E232B87D83948FQU__464EB1E244C77FD99B25BC962AA2AD565C58BFF3.udd" 2822
"C:/Users/EddieJr/AppData/Local/UnrealEngine/Common/DerivedDataCache/6/5/1/PHYSX_A08609EF508D460CBB6710540B03AACF_PHYSXPC_CA337D414F5A08FB8DC2F8B171E8D56__B7B972D77EF50610154F6E04820A0B67F8A5FCAC.udd" 2823
"C:/Users/EddieJr/AppData/Local/UnrealEngine/Common/DerivedDataCache/8/0/0/NAVCOLLISION_2983273BE5D6425391E8C0B3D1C0A55D_NAVCOLLISION_X_CA337D414F5A08FB8__7EF55A538043C4CADFBA4EC59971514FCF8483E7.udd" 2824
"C:/Users/EddieJr/AppData/Local/UnrealEngine/Common/DerivedDataCache/6/5/9/STATICMESH_9CE2B6FB46754B699726C4AA1515F12E_228332BAE0224DD294E232B87D83948FQU__7272C2E54ABF173904F7BBB096F1DA6E4B25715D.udd" 2825
"C:/Users/EddieJr/AppData/Local/UnrealEngine/Common/DerivedDataCache/2/6/5/PHYSX_A08609EF508D460CBB6710540B03AACF_PHYSXPC_455F053C4C3C2F48911338B335F59BF__9B2B9E8B3C0039BC94C50901A6F31F78864254A9.udd" 2826
"C:/Users/EddieJr/AppData/Local/UnrealEngine/Common/DerivedDataCache/5/3/4/NAVCOLLISION_2983273BE5D6425391E8C0B3D1C0A55D_NAVCOLLISION_X_455F053C4C3C2F489__5E9777402FB7A1FF4DA9E46B65995108C65C7EA7.udd" 2827
"C:/Users/EddieJr/AppData/Local/UnrealEngine/Common/DerivedDataCache/1/5/8/STATICMESH_9CE2B6FB46754B699726C4AA1515F12E_228332BAE0224DD294E232B87D83948FQU__FE35E4FC8A81560EE219009E6C7E9E38045DC8E6.udd" 2828
"C:/Users/EddieJr/AppData/Local/UnrealEngine/Common/DerivedDataCache/7/1/5/PHYSX_A08609EF508D460CBB6710540B03AACF_PHYSXPC_96121E72435D8EC404C524B6010CAF6__62F28CE1190EA5134C08A4989D48336879AFB7C2.udd" 2829
"C:/Users/EddieJr/AppData/Local/UnrealEngine/Common/DerivedDataCache/0/2/9/NAVCOLLISION_2983273BE5D6425391E8C0B3D1C0A55D_NAVCOLLISION_X_96121E72435D8EC40__19760E91F42B30B14336A6E6837491244A8FC094.udd" 2830
"C:/Users/EddieJr/AppData/Local/UnrealEngine/Common/DerivedDataCache/9/1/5/STATICMESH_9CE2B6FB46754B699726C4AA1515F12E_228332BAE0224DD294E232B87D83948FQU__B51B8D266B05D547EBA97866C612FF8748FE9159.udd" 2831
"C:/Users/EddieJr/AppData/Local/UnrealEngine/Common/DerivedDataCache/6/7/8/PHYSX_A08609EF508D460CBB6710540B03AACF_PHYSXPC_1FD9DEC24649A07947C7F0A909F587F__B4F30792A79B8C075B4916DA3B710441F65D26CB.udd" 2832
"C:/Users/EddieJr/AppData/Local/UnrealEngine/Common/DerivedDataCache/0/3/4/NAVCOLLISION_2983273BE5D6425391E8C0B3D1C0A55D_NAVCOLLISION_X_1FD9DEC24649A0794__243144BDFBFD932CAAE2D0C170485DDB9E6D31DC.udd" 2833
"C:/Users/EddieJr/AppData/Local/UnrealEngine/Common/DerivedDataCache/6/0/9/STATICMESH_9CE2B6FB46754B699726C4AA1515F12E_228332BAE0224DD294E232B87D83948FQU__3B515C241EE56557D1999277BE76FA23A5C7A8B1.udd" 2834
"C:/Users/EddieJr/AppData/Local/UnrealEngine/Common/DerivedDataCache/8/8/3/PHYSX_A08609EF508D460CBB6710540B03AACF_PHYSXPC_B33E6CB34DFCFC1E9F1AFF9617D2226__B2DC79903643F109526E148B241001EA3AB8EC34.udd" 2835
"C:/Users/EddieJr/AppData/Local/UnrealEngine/Common/DerivedDataCache/4/2/5/NAVCOLLISION_2983273BE5D6425391E8C0B3D1C0A55D_NAVCOLLISION_X_B33E6CB34DFCFC1E9__F89CC480B1EBD5389D1123C6D13C3D2BEFF63A32.udd" 2836
"C:/Users/EddieJr/AppData/Local/UnrealEngine/Common/DerivedDataCache/0/7/9/AUDIO_0005_0000_OGG00000000_0004_FFC50B0C49899EC9C3982EA0D614CDC6.udd" 2837
"C:/Users/EddieJr/AppData/Local/UnrealEngine/Common/DerivedDataCache/7/8/6/MATSM_0BA69734E4FD45E082FA4560DBE25454_PCD3D_SM5_8__BC5N_NOCCBN_NOIRIS_DEV_SL___B55BA2D1A3F6BAFAECDE8E0FBD8329BBBD55D749.udd" 2838
"C:/Users/EddieJr/AppData/Local/UnrealEngine/Common/DerivedDataCache/8/5/8/STREAMEDAUDIO_BC6E92FBBD314E3B9B9EC6778749EB5E_OGG00000000_4_CEC646B84A4B2EEB50E1EE9A6044D8C7.udd" 2839
"C:/Users/EddieJr/AppData/Local/UnrealEngine/Common/DerivedDataCache/9/8/7/MATSM_0BA69734E4FD45E082FA4560DBE25454_PCD3D_SM5_8__BC5N_NOCCBN_NOIRIS_DEV_SL___F642F17463847D957DA28904738400F0E9987177.udd" 2840
"../../../Engine/Content/EditorResources/EmptyActor.uasset" 2841
"../../../Engine/Content/EditorResources/LightIcons/S_LightError.uasset" 2842
"C:/Users/EddieJr/AppData/Local/UnrealEngine/Common/DerivedDataCache/5/6/9/STREAMEDAUDIO_BC6E92FBBD314E3B9B9EC6778749EB5E_OGG00000000_4_DE40059F45AB0DE2C41AF084832F6633.udd" 2843
"C:/Users/EddieJr/AppData/Local/UnrealEngine/Common/DerivedDataCache/3/9/3/MATSM_0BA69734E4FD45E082FA4560DBE25454_PCD3D_SM5_8__BC5N_NOCCBN_NOIRIS_DEV_SL___1899AE95C56B2894C8AB0F345FB91E3C24AE6E5D.udd" 2844
"C:/Users/EddieJr/AppData/Local/UnrealEngine/Common/DerivedDataCache/2/7/8/TEXTURE_E01F4250BECD420DA9CE63B5EECEC2C2_OODLE_AUTODXT_11_9EA952524C19166DC178__E59BF81754768CF3E15CD51C8E04F872B3061097.udd" 2845
"C:/Users/EddieJr/AppData/Local/UnrealEngine/Common/DerivedDataCache/6/5/5/TEXTURE_E01F4250BECD420DA9CE63B5EECEC2C2_OODLE_AUTODXT_11_9EA952524C19166DC178__58E50DA7EB7527CCC05EA400E9BF0045CAB58FE7.udd" 2846
"C:/Users/EddieJr/AppData/Local/UnrealEngine/Common/DerivedDataCache/6/2/8/TEXTURE_E01F4250BECD420DA9CE63B5EECEC2C2_OODLE_AUTODXT_11_9EA952524C19166DC178__2EFC2B9A57220137218D5333D8D7C81E4209FFA3.udd" 2847
"C:/Users/EddieJr/AppData/Local/UnrealEngine/Common/DerivedDataCache/1/7/1/TEXTURE_E01F4250BECD420DA9CE63B5EECEC2C2_OODLE_AUTODXT_11_9EA952524C19166DC178__331B5C3EA319BEBCDA8D67F562AE59B3748ED4F0.udd" 2848
"C:/Users/EddieJr/AppData/Local/UnrealEngine/Common/DerivedDataCache/6/0/0/TEXTURE_E01F4250BECD420DA9CE63B5EECEC2C2_OODLE_AUTODXT_11_9EA952524C19166DC178__F90416089A4C2D585806865752C459CCD5545139.udd" 2849
"C:/Users/EddieJr/AppData/Local/UnrealEngine/Common/DerivedDataCache/1/8/1/TEXTURE_E01F4250BECD420DA9CE63B5EECEC2C2_OODLE_AUTODXT_11_874602C4464BF28EC802__7E1E5F6F50016850491C3EC9EDF88828C8F91F96.udd" 2850
"C:/Users/EddieJr/AppData/Local/UnrealEngine/Common/DerivedDataCache/4/6/2/TEXTURE_E01F4250BECD420DA9CE63B5EECEC2C2_OODLE_AUTODXT_11_874602C4464BF28EC802__EF90E826C57521447401792B3C3103A79B83E98C.udd" 2851
"C:/Users/EddieJr/AppData/Local/UnrealEngine/Common/DerivedDataCache/7/9/8/TEXTURE_E01F4250BECD420DA9CE63B5EECEC2C2_OODLE_AUTODXT_11_874602C4464BF28EC802__4F4F5170F8467BAB4E14D013E842AFD88B62EC9C.udd" 2852
"C:/Users/EddieJr/AppData/Local/UnrealEngine/Common/DerivedDataCache/7/4/1/TEXTURE_E01F4250BECD420DA9CE63B5EECEC2C2_OODLE_AUTODXT_11_874602C4464BF28EC802__274704D2A98F368CF7E3F326714C2A6ABF7A08C5.udd" 2853
"C:/Users/EddieJr/AppData/Local/UnrealEngine/Common/DerivedDataCache/5/3/3/TEXTURE_E01F4250BECD420DA9CE63B5EECEC2C2_OODLE_AUTODXT_11_874602C4464BF28EC802__13E6CAFF6DB22CAA6F24D4043EC4255493E12FEF.udd" 2854
"D:/Unreal Projects/Amberial UE Remake/Amberial/Content/Maps/GlobalProps/SM_LightBeam.uasset" 2855
"D:/Unreal Projects/Amberial UE Remake/Amberial/Content/Maps/L1_Movement101/L1_Movement101_BuiltData.uasset" 2856
"D:/Unreal Projects/Amberial UE Remake/Amberial/Content/Maps/L1_Movement101/MI_PlatformChains.uasset" 2857
"D:/Unreal Projects/Amberial UE Remake/Amberial/Content/Maps/L1_Movement101/WBP_L1Text.uasset" 2858
"../../../Engine/Content/EngineVolumetrics/LightBeam/Materials/T_EV_LightBeam_Falloff_02.uasset" 2859
"../../../Engine/Content/EngineVolumetrics/LightBeam/Materials/M_EV_Lightbeam_Master_01.uasset" 2860
"../../../Engine/Content/EngineVolumetrics/LightBeam/Materials/T_EV_DustPanner_01.uasset" 2861
"../../../Engine/Content/EngineVolumetrics/LightBeam/Materials/T_EV_LightBeam_Falloff_01.uasset" 2862
"C:/Users/EddieJr/AppData/Local/UnrealEngine/Common/DerivedDataCache/0/5/7/AUDIO_0005_0000_OGG00000000_0004_8F31DF1F436F4BF907953F887763AF9F.udd" 2863
"D:/Unreal Projects/Amberial UE Remake/Amberial/Content/Maps/GlobalProps/SM_Cube.uasset" 2864
"D:/Unreal Projects/Amberial UE Remake/Amberial/Content/Maps/GlobalProps/M_LightBeam.uasset" 2865
"D:/Unreal Projects/Amberial UE Remake/Amberial/Content/Maps/GlobalProps/MI_LightBeam.uasset" 2866
"D:/Unreal Projects/Amberial UE Remake/Amberial/Content/Sound/BGM/BGM03_Level1.uasset" 2867
"D:/Unreal Projects/Amberial UE Remake/Amberial/Content/Maps/L1_Movement101/L1_Movement101.umap" 2868
"C:/Users/EddieJr/AppData/Local/UnrealEngine/Common/DerivedDataCache/0/9/1/AUDIO_0005_0000_OGG00000000_0004_7FEE357644A579A507EEF9ACB28FA279.udd" 2869
"C:/Users/EddieJr/AppData/Local/UnrealEngine/Common/DerivedDataCache/0/3/0/PHYSX_A08609EF508D460CBB6710540B03AACF_PHYSXPC_96423EA441BF6609E6E85E9532F08B9E__1_0_0_0_2_13315_0.udd" 2870
"C:/Users/EddieJr/AppData/Local/UnrealEngine/Common/DerivedDataCache/1/3/9/MATSM_0BA69734E4FD45E082FA4560DBE25454_PCD3D_SM5_8__BC5N_NOCCBN_NOIRIS_DEV_SL___9E53A5655C01BD86FFB6A3F92D72907CB58382E7.udd" 2871
"C:/Users/EddieJr/AppData/Local/UnrealEngine/Common/DerivedDataCache/2/4/1/STREAMEDAUDIO_BC6E92FBBD314E3B9B9EC6778749EB5E_OGG00000000_4_FFC50B0C49899EC9C3982EA0D614CDC6.udd" 2872
"C:/Users/EddieJr/AppData/Local/UnrealEngine/Common/DerivedDataCache/0/9/5/STREAMEDAUDIO_BC6E92FBBD314E3B9B9EC6778749EB5E_OGG00000000_4_8F31DF1F436F4BF907953F887763AF9F.udd" 2873
"C:/Users/EddieJr/AppData/Local/UnrealEngine/Common/DerivedDataCache/8/6/0/TEXTURE_E01F4250BECD420DA9CE63B5EECEC2C2_OODLE_AUTODXT_11_46BD9AC9457E5079CAEE__049DAE83EBBDDB7402F9E90C8A02E6BF2836C912.udd" 2874
"C:/Users/EddieJr/AppData/Local/UnrealEngine/Common/DerivedDataCache/2/6/6/TEXTURE_E01F4250BECD420DA9CE63B5EECEC2C2_OODLE_DXT1_11_8C3842754F11E7DCFD1A96A__24F4DFD9A628693EAA5C58B474DA68FF0BADB460.udd" 2875
"C:/Users/EddieJr/AppData/Local/UnrealEngine/Common/DerivedDataCache/4/6/3/TEXTURE_E01F4250BECD420DA9CE63B5EECEC2C2_OODLE_AUTODXT_11_46BD9AC9457E5079CAEE__9415931837173EB953426240C3AE74AF2DC11883.udd" 2876
"C:/Users/EddieJr/AppData/Local/UnrealEngine/Common/DerivedDataCache/6/1/8/TEXTURE_E01F4250BECD420DA9CE63B5EECEC2C2_OODLE_AUTODXT_11_46BD9AC9457E5079CAEE__D98BD8FB34B3E979206C3D76C6B4DC525CE0B159.udd" 2877
"C:/Users/EddieJr/AppData/Local/UnrealEngine/Common/DerivedDataCache/5/5/3/TEXTURE_E01F4250BECD420DA9CE63B5EECEC2C2_OODLE_AUTODXT_11_46BD9AC9457E5079CAEE__D801E70516C7910183B46558BEA0FCF64F33BF3C.udd" 2878
"C:/Users/EddieJr/AppData/Local/UnrealEngine/Common/DerivedDataCache/1/3/2/TEXTURE_E01F4250BECD420DA9CE63B5EECEC2C2_OODLE_AUTODXT_11_46BD9AC9457E5079CAEE__A8B675944DDC7958C95B19AE0412198641C7787B.udd" 2879
"C:/Users/EddieJr/AppData/Local/UnrealEngine/Common/DerivedDataCache/6/1/8/TEXTURE_E01F4250BECD420DA9CE63B5EECEC2C2_OODLE_DXT1_11_8C3842754F11E7DCFD1A96A__54A32FCFDEE847CA7CBCB87345AA5F8EAB34AC73.udd" 2880
"C:/Users/EddieJr/AppData/Local/UnrealEngine/Common/DerivedDataCache/6/3/3/TEXTURE_E01F4250BECD420DA9CE63B5EECEC2C2_OODLE_DXT1_11_8C3842754F11E7DCFD1A96A__EA90BB28993A2C71C2BB5BDBB2CA37B12414CCA5.udd" 2881
"C:/Users/EddieJr/AppData/Local/UnrealEngine/Common/DerivedDataCache/8/6/6/TEXTURE_E01F4250BECD420DA9CE63B5EECEC2C2_OODLE_DXT1_11_8C3842754F11E7DCFD1A96A__83E485D39B6CB15FE582D7958F5D7EF53C35C7A9.udd" 2882
"C:/Users/EddieJr/AppData/Local/UnrealEngine/Common/DerivedDataCache/9/2/9/TEXTURE_E01F4250BECD420DA9CE63B5EECEC2C2_OODLE_DXT1_11_8C3842754F11E7DCFD1A96A__243787D2D9543FD64DB6C1C47D566F7B00CAB55B.udd" 2883
"D:/Unreal Projects/Amberial UE Remake/Amberial/Content/Maps/L_LoadingScreen.umap" 2884
"../../../Engine/Plugins/Marketplace/EasyLoad752439c2caf5V19/Content/UMG/WBP_LoadingScreen.uasset" 2885
"../../../Engine/Plugins/Marketplace/EasyLoad752439c2caf5V19/Content/Maps/LoadingScreenMap.umap" 2886
"C:/Users/EddieJr/AppData/Local/UnrealEngine/Common/DerivedDataCache/0/5/3/STATICMESH_9CE2B6FB46754B699726C4AA1515F12E_228332BAE0224DD294E232B87D83948FQU__E7712BDD3E4BD2558AC149C01143E02F65DC88D0.udd" 2887
"C:/Users/EddieJr/AppData/Local/UnrealEngine/Common/DerivedDataCache/0/6/0/PHYSX_A08609EF508D460CBB6710540B03AACF_PHYSXPC_3C7A518045DBBC5B364863A0BF3E898__5E09D967260A09E84E459F99BFB766F1EDDB18C2.udd" 2888
"C:/Users/EddieJr/AppData/Local/UnrealEngine/Common/DerivedDataCache/4/7/3/NAVCOLLISION_2983273BE5D6425391E8C0B3D1C0A55D_NAVCOLLISION_X_3C7A518045DBBC5B3__AE4BBDCBF3963BF01613B69B86197EDADE01E29B.udd" 2889
"C:/Users/EddieJr/AppData/Local/UnrealEngine/Common/DerivedDataCache/4/6/9/STREAMEDAUDIO_BC6E92FBBD314E3B9B9EC6778749EB5E_OGG00000000_4_7FEE357644A579A507EEF9ACB28FA279.udd" 2890
"C:/Users/EddieJr/AppData/Local/UnrealEngine/Common/DerivedDataCache/2/1/4/TEXTURE_E01F4250BECD420DA9CE63B5EECEC2C2_OODLE_AUTODXT_11_8F72CC1A42F306B40D58__0440838822CF3A107703654A7357B023DABF466B.udd" 2891
"C:/Users/EddieJr/AppData/Local/UnrealEngine/Common/DerivedDataCache/3/8/3/TEXTURE_E01F4250BECD420DA9CE63B5EECEC2C2_OODLE_DXT1_11_25258EBD463F54EA252CCA9__6DF767DCFBBAC4E526BC40B37042F71078E0EE23.udd" 2892
"C:/Users/EddieJr/AppData/Local/UnrealEngine/Common/DerivedDataCache/2/2/8/TEXTURE_E01F4250BECD420DA9CE63B5EECEC2C2_OODLE_AUTODXT_11_8F72CC1A42F306B40D58__C1678C5D0DA0E41FFA7131F0467CE25CBCAE7B97.udd" 2893
"C:/Users/EddieJr/AppData/Local/UnrealEngine/Common/DerivedDataCache/3/8/6/TEXTURE_E01F4250BECD420DA9CE63B5EECEC2C2_OODLE_AUTODXT_11_8F72CC1A42F306B40D58__DBB013A4AD8D3C73357BD81FA26BC2F7BFD76036.udd" 2894
"C:/Users/EddieJr/AppData/Local/UnrealEngine/Common/DerivedDataCache/4/5/6/TEXTURE_E01F4250BECD420DA9CE63B5EECEC2C2_OODLE_AUTODXT_11_8F72CC1A42F306B40D58__058312EF22AFCDDE6D89C97607DFE558A4692ECC.udd" 2895
"C:/Users/EddieJr/AppData/Local/UnrealEngine/Common/DerivedDataCache/7/1/9/TEXTURE_E01F4250BECD420DA9CE63B5EECEC2C2_G8_D61EAB534B22D0847D1EF08953CEDA2D_0__4FCF01C381098D895243FF1FE57940FFE6A62A96.udd" 2896
"C:/Users/EddieJr/AppData/Local/UnrealEngine/Common/DerivedDataCache/7/9/8/TEXTURE_E01F4250BECD420DA9CE63B5EECEC2C2_OODLE_DXT1_11_25258EBD463F54EA252CCA9__BC5208F3EA9418DABF3F3C7748662AF7C5768A06.udd" 2897
"C:/Users/EddieJr/AppData/Local/UnrealEngine/Common/DerivedDataCache/9/1/4/TEXTURE_E01F4250BECD420DA9CE63B5EECEC2C2_OODLE_DXT1_11_25258EBD463F54EA252CCA9__64450F82983B1CF59CF5D659993289AAE8EDE70D.udd" 2898
"C:/Users/EddieJr/AppData/Local/UnrealEngine/Common/DerivedDataCache/4/2/5/TEXTURE_E01F4250BECD420DA9CE63B5EECEC2C2_OODLE_DXT1_11_25258EBD463F54EA252CCA9__F5DC6D764C38490AAE9DA72EFC5C042056A996A9.udd" 2899
"C:/Users/EddieJr/AppData/Local/UnrealEngine/Common/DerivedDataCache/8/6/2/TEXTURE_E01F4250BECD420DA9CE63B5EECEC2C2_G8_D61EAB534B22D0847D1EF08953CEDA2D_0__9627949F74F0C9A34C63453D39BC0E5B8C585386.udd" 2900
"C:/Users/EddieJr/AppData/Local/UnrealEngine/Common/DerivedDataCache/3/3/6/TEXTURE_E01F4250BECD420DA9CE63B5EECEC2C2_G8_D61EAB534B22D0847D1EF08953CEDA2D_0__3CF8775A1017D0981EEA3179AE409055A40C30FC.udd" 2901
"C:/Users/EddieJr/AppData/Local/UnrealEngine/Common/DerivedDataCache/7/8/6/TEXTURE_E01F4250BECD420DA9CE63B5EECEC2C2_G8_D61EAB534B22D0847D1EF08953CEDA2D_0__776A88413DCD17283249B665E1C3AAB2B9EF1AE4.udd" 2902
"C:/Users/EddieJr/AppData/Local/UnrealEngine/Common/DerivedDataCache/7/8/4/TEXTURE_E01F4250BECD420DA9CE63B5EECEC2C2_G8_D61EAB534B22D0847D1EF08953CEDA2D_0__B00E008DF3F2AB24B3E5BBF43E573EE0281767D8.udd" 2903
"D:/Unreal Projects/Amberial UE Remake/Amberial/Content/Maps/A2_Bubbles.umap" 2904
"C:/Users/EddieJr/AppData/Local/UnrealEngine/Common/DerivedDataCache/8/2/3/STATICMESH_9CE2B6FB46754B699726C4AA1515F12E_228332BAE0224DD294E232B87D83948FQU__A0951E2192C51760D05897BAD9553983B696BAD4.udd" 2905
"C:/Users/EddieJr/AppData/Local/UnrealEngine/Common/DerivedDataCache/5/2/3/PHYSX_A08609EF508D460CBB6710540B03AACF_PHYSXPC_CD2024A34BED374A71F8009AA6C3E9A__4EAFFD82013808EABEA75B6612FAF983A9B7E32A.udd" 2906
"C:/Users/EddieJr/AppData/Local/UnrealEngine/Common/DerivedDataCache/6/2/4/NAVCOLLISION_2983273BE5D6425391E8C0B3D1C0A55D_NAVCOLLISION_X_CD2024A34BED374A7__BFE014B6E456CBF5EE29A4E65451A47BE0F108E4.udd" 2907
"D:/Unreal Projects/Amberial UE Remake/Amberial/Content/Maps/A1_ForceFields.umap" 2908
"D:/Unreal Projects/Amberial UE Remake/Amberial/Content/Sound/BGM/BGM12_Level12.uasset" 2909
"D:/Unreal Projects/Amberial UE Remake/Amberial/Content/Maps/L12_FinalTick.umap" 2910
"C:/Users/EddieJr/AppData/Local/UnrealEngine/Common/DerivedDataCache/1/6/0/AUDIO_0005_0000_OGG00000000_0004_9E7DF09144D479D7DEED46B335EBF72C.udd" 2911
"D:/Unreal Projects/Amberial UE Remake/Amberial/Content/Maps/L9_AboveYou.umap" 2912
"../../../../../../Unreal Projects/Amberial UE Remake/Amberial/Content/Maps/L1_Movement101/L1_Movement101.umap" 2913
"C:/Users/EddieJr/AppData/Local/UnrealEngine/Common/DerivedDataCache/6/5/2/PHYSX_A08609EF508D460CBB6710540B03AACF_PHYSXPC_398D51AE48ADC1C4B80111AD2B018166__1_0_0_0_2_13315_0.udd" 2914
"C:/Users/EddieJr/AppData/Local/UnrealEngine/Common/DerivedDataCache/9/0/5/PHYSX_A08609EF508D460CBB6710540B03AACF_PHYSXPC_5EE228C5452AF122496D85856A7F650D__1_0_0_0_2_13315_0.udd" 2915
"C:/Users/EddieJr/AppData/Local/UnrealEngine/Common/DerivedDataCache/9/6/1/PHYSX_A08609EF508D460CBB6710540B03AACF_PHYSXPC_7B2A0C9C4A56A696F1AAD89D7939C0BD__1_0_0_0_2_13315_0.udd" 2916
"C:/Users/EddieJr/AppData/Local/UnrealEngine/Common/DerivedDataCache/9/6/3/PHYSX_A08609EF508D460CBB6710540B03AACF_PHYSXPC_EE8258DB4DD71C56CB6E7AACCB7F25F0__1_0_0_0_2_13315_0.udd" 2917
"C:/Users/EddieJr/AppData/Local/UnrealEngine/Common/DerivedDataCache/4/7/0/PHYSX_A08609EF508D460CBB6710540B03AACF_PHYSXPC_1523A47C44B7FC09E09AED852D677995__1_0_0_0_2_13315_0.udd" 2918
"D:/Unreal Projects/Amberial UE Remake/Amberial/Content/Sound/BGM/BGM10_Level8.uasset" 2919
"D:/Unreal Projects/Amberial UE Remake/Amberial/Content/Maps/L8_HoldTight.umap" 2920
"../../../../../../Unreal Projects/Amberial UE Remake/Amberial/Content/Maps/L_LoadingScreen.umap" 2921
"D:/Unreal Projects/Amberial UE Remake/Amberial/Content/Sound/BGM/BGM09_Level7.uasset" 2922
"D:/Unreal Projects/Amberial UE Remake/Amberial/Content/Maps/L7_PinkHike.umap" 2923
"../../Plugins/Marketplace/EasyLoad752439c2caf5V19/Content/Maps/LoadingScreenMap.umap" 2924
"../../../../../../Unreal Projects/Amberial UE Remake/Amberial/Content/Maps/A2_Bubbles.umap" 2925
"C:/Users/EddieJr/AppData/Local/UnrealEngine/Common/DerivedDataCache/8/4/2/PHYSX_A08609EF508D460CBB6710540B03AACF_PHYSXPC_151D1B5748D7FDF23B093E87CCDEA217__1_0_0_0_2_13315_0.udd" 2926
"C:/Users/EddieJr/AppData/Local/UnrealEngine/Common/DerivedDataCache/1/1/7/MATSM_0BA69734E4FD45E082FA4560DBE25454_PCD3D_SM5_8__BC5N_NOCCBN_NOIRIS_DEV_SL___C43278656F807770910E0BB06320600D3B46AD87.udd" 2927
"D:/Unreal Projects/Amberial UE Remake/Amberial/Content/Maps/L6_RGB.umap" 2928
"../../../../../../Unreal Projects/Amberial UE Remake/Amberial/Content/Maps/A1_ForceFields.umap" 2929
"C:/Users/EddieJr/AppData/Local/UnrealEngine/Common/DerivedDataCache/5/0/0/PHYSX_A08609EF508D460CBB6710540B03AACF_PHYSXPC_7E43F26F471EF4031208B8B5B54D38E9__1_0_0_0_2_13315_0.udd" 2930
"D:/Unreal Projects/Amberial UE Remake/Amberial/Content/Sound/BGM/BGM07_Level5.uasset" 2931
"D:/Unreal Projects/Amberial UE Remake/Amberial/Content/Maps/L5_Pushers.umap" 2932
"C:/Users/EddieJr/AppData/Local/UnrealEngine/Common/DerivedDataCache/3/5/4/AUDIO_0005_0000_OGG00000000_0004_42E41ABD4F07C57213675F8B9FA68C78.udd" 2933
"../../../../../../Unreal Projects/Amberial UE Remake/Amberial/Content/Maps/L12_FinalTick.umap" 2934
"C:/Users/EddieJr/AppData/Local/UnrealEngine/Common/DerivedDataCache/5/6/6/PHYSX_A08609EF508D460CBB6710540B03AACF_PHYSXPC_F163E0F94613B4E9E3608DB2D8FDFD5E__1_0_0_0_2_13315_0.udd" 2935
"C:/Users/EddieJr/AppData/Local/UnrealEngine/Common/DerivedDataCache/1/8/2/STREAMEDAUDIO_BC6E92FBBD314E3B9B9EC6778749EB5E_OGG00000000_4_9E7DF09144D479D7DEED46B335EBF72C.udd" 2936
"D:/Unreal Projects/Amberial UE Remake/Amberial/Content/Maps/L4_CrystalHeights.umap" 2937
"../../../../../../Unreal Projects/Amberial UE Remake/Amberial/Content/Maps/L9_AboveYou.umap" 2938
"C:/Users/EddieJr/AppData/Local/UnrealEngine/Common/DerivedDataCache/5/7/5/PHYSX_A08609EF508D460CBB6710540B03AACF_PHYSXPC_CA0E1945440A69F1D6280E9E6930258E__1_0_0_0_2_13315_0.udd" 2939
"D:/Unreal Projects/Amberial UE Remake/Amberial/Content/Sound/BGM/BGM05_Level3.uasset" 2940
"D:/Unreal Projects/Amberial UE Remake/Amberial/Content/Maps/L3_HereAndThere.umap" 2941
"C:/Users/EddieJr/AppData/Local/UnrealEngine/Common/DerivedDataCache/1/1/4/AUDIO_0005_0000_OGG00000000_0004_24CE534A44FC27ED2907D5BFA33BF8C4.udd" 2942
"../../../../../../Unreal Projects/Amberial UE Remake/Amberial/Content/Maps/L8_HoldTight.umap" 2943
"C:/Users/EddieJr/AppData/Local/UnrealEngine/Common/DerivedDataCache/7/4/6/PHYSX_A08609EF508D460CBB6710540B03AACF_PHYSXPC_4ACBE7FB4ED14D988A72A0B9C4E7FCE0__1_0_0_0_2_13315_0.udd" 2944
"D:/Unreal Projects/Amberial UE Remake/Amberial/Content/Maps/L_SplashIntros.umap" 2945
"C:/Users/EddieJr/AppData/Local/UnrealEngine/Common/DerivedDataCache/6/9/2/AUDIO_0005_0000_OGG00000000_0004_11DFDD7A4221DB7C4616E9A581B8F0B8.udd" 2946
"D:/Unreal Projects/Amberial UE Remake/Amberial/Content/Sound/BGM/BGM00_Title.uasset" 2947
"D:/Unreal Projects/Amberial UE Remake/Amberial/Content/Maps/L_MainMenu.umap" 2948
"../../../../../../Unreal Projects/Amberial UE Remake/Amberial/Content/Maps/L7_PinkHike.umap" 2949
"C:/Users/EddieJr/AppData/Local/UnrealEngine/Common/DerivedDataCache/4/3/5/PHYSX_A08609EF508D460CBB6710540B03AACF_PHYSXPC_7CBB5D0A4F631E888DD51F84CEA0DB06__1_0_0_0_2_13315_0.udd" 2950
"../../../../../../Unreal Projects/Amberial UE Remake/Amberial/Content/Maps/L6_RGB.umap" 2951
"C:/Users/EddieJr/AppData/Local/UnrealEngine/Common/DerivedDataCache/8/2/9/PHYSX_A08609EF508D460CBB6710540B03AACF_PHYSXPC_4C6566C24E34775C73542D95D7FAEBCD__1_0_0_0_2_13315_0.udd" 2952
"C:/Users/EddieJr/AppData/Local/UnrealEngine/Common/DerivedDataCache/8/6/8/STREAMEDAUDIO_BC6E92FBBD314E3B9B9EC6778749EB5E_OGG00000000_4_42E41ABD4F07C57213675F8B9FA68C78.udd" 2953
"C:/Users/EddieJr/AppData/Local/UnrealEngine/Common/DerivedDataCache/7/8/8/STREAMEDAUDIO_BC6E92FBBD314E3B9B9EC6778749EB5E_OGG00000000_4_24CE534A44FC27ED2907D5BFA33BF8C4.udd" 2954
"C:/Users/EddieJr/AppData/Local/UnrealEngine/Common/DerivedDataCache/3/1/4/STREAMEDAUDIO_BC6E92FBBD314E3B9B9EC6778749EB5E_OGG00000000_4_11DFDD7A4221DB7C4616E9A581B8F0B8.udd" 2955
"C:/Users/EddieJr/AppData/Local/UnrealEngine/Common/DerivedDataCache/4/4/3/AUDIO_0005_0000_OGG00000000_0004_D2A2817B43F30579565B3BB87F493268.udd" 2956
"../../../../../../Unreal Projects/Amberial UE Remake/Amberial/Content/Maps/L5_Pushers.umap" 2957
"C:/Users/EddieJr/AppData/Local/UnrealEngine/Common/DerivedDataCache/4/8/4/PHYSX_A08609EF508D460CBB6710540B03AACF_PHYSXPC_5848A8C547D52172BF784CAD66996122__1_0_0_0_2_13315_0.udd" 2958
"../../../../../../Unreal Projects/Amberial UE Remake/Amberial/Content/Maps/L4_CrystalHeights.umap" 2959
"C:/Users/EddieJr/AppData/Local/UnrealEngine/Common/DerivedDataCache/3/9/3/PHYSX_A08609EF508D460CBB6710540B03AACF_PHYSXPC_07850C774D1D7483CEB8B1824A67E8A9__1_0_0_0_2_13315_0.udd" 2960
"C:/Users/EddieJr/AppData/Local/UnrealEngine/Common/DerivedDataCache/3/4/8/AUDIO_0005_0000_OGG00000000_0004_55338EC245528469908F4C9B3B611D6A.udd" 2961
"../../../../../../Unreal Projects/Amberial UE Remake/Amberial/Content/Maps/L3_HereAndThere.umap" 2962
"C:/Users/EddieJr/AppData/Local/UnrealEngine/Common/DerivedDataCache/2/3/9/PHYSX_A08609EF508D460CBB6710540B03AACF_PHYSXPC_727AD4C740D8B936EBD067912785B4AD__1_0_0_0_2_13315_0.udd" 2963
"../../../../../../Unreal Projects/Amberial UE Remake/Amberial/Content/Maps/L_SplashIntros.umap" 2964
"C:/Users/EddieJr/AppData/Local/UnrealEngine/Common/DerivedDataCache/8/4/9/AUDIO_0005_0000_OGG00000000_0004_B9E963F144348B16C2DC30B5C5004A08.udd" 2965
"../../../../../../Unreal Projects/Amberial UE Remake/Amberial/Content/Maps/L_MainMenu.umap" 2966
"C:/Users/EddieJr/AppData/Local/UnrealEngine/Common/DerivedDataCache/1/4/9/STREAMEDAUDIO_BC6E92FBBD314E3B9B9EC6778749EB5E_OGG00000000_4_D2A2817B43F30579565B3BB87F493268.udd" 2967
"C:/Users/EddieJr/AppData/Local/UnrealEngine/Common/DerivedDataCache/5/4/6/STREAMEDAUDIO_BC6E92FBBD314E3B9B9EC6778749EB5E_OGG00000000_4_55338EC245528469908F4C9B3B611D6A.udd" 2968
"C:/Users/EddieJr/AppData/Local/UnrealEngine/Common/DerivedDataCache/0/3/1/STREAMEDAUDIO_BC6E92FBBD314E3B9B9EC6778749EB5E_OGG00000000_4_B9E963F144348B16C2DC30B5C5004A08.udd" 2969
